"","X.1","X","N1","WALS","IDS","Glotto","iso","glotto","area","langFam","subFam","InterrogativePosition","IDS2","Comments","Source","continent","latitude","longitude"
"1",1,1,"Aché","Aché","Aché [Phonemic]","Ach�","guq","ache1246","SE South America","Tupian","Tupi-Guarani Subgroup I","","Ach�_Phonemic","","IDS","South America","-25.5865","-56.4697"
"2",2,3,"Aguaruna","Aguaruna","Aguaruna [Phonemic]","Aguaruna","agr","agua1253","Andean","Jivaroan","Jivaroan","","Aguaruna_Phonemic","","IDS","South America","-5.30044","-77.9218"
"3",3,6,"Albanian, Tosk","Albanian","Albanian, Tosk [Phonemic]","Gheg Albanian","aln","gheg1238","Europe","Indo-European","Albanian","","Albanian._Tosk_Phonemic","not clear whether Tosk or Gheg Albanian ??","IDS","Eurasia","42.317","21.3837"
"4",4,10,"Aramaic (Ancient)","","Aramaic (Ancient) [Phonemic]","Old Armaic","oar","olda1245","Greater Mesopotamia","Afro-Asiatic","Aramaic",NA,"Aramaic_Ancient_Phonemic","not on WALS","IDS","Eurasia","42.14","37.11"
"5",5,11,"Araona","Araona","Araona [Phonemic]","Araona","aro","arao1248","NE South America","Tacanan","Araona-Toromono","","Araona_Phonemic","","IDS","South America","-12.4242","-67.7293"
"6",6,14,"Armenian","Armenian (Eastern)","Armenian, Eastern [Phonemic]","Modern Armenian","hye","nucl1235","Greater Mesopotamia","Indo-European","Armenian","2 Not initial interrogative phrase","Armenian._Eastern_Phonemic","on WALS both versions (Eastern and Western)","IDS","Eurasia","40","45"
"7",7,15,"Armenian","Armenian (Western)","Armenian, Western [Phonemic]","","hye","nucl1235","Greater Mesopotamia","Indo-European","Armenian","2 Not initial interrogative phrase","Armenian._Western_Phonemic","","IDS","Eurasia","40","45"
"8",8,24,"Avestan","","Avestan [Phonemic]","Avestan","ave","aves1237","Inner Asia","Indo-European","Northeastern Iranian",NA,"Avestan_Phonemic","not on WALS","IDS","Eurasia","31.541","53.633"
"9",9,25,"Aymara, Central","Aymara","Aymara [Phonemic]"," Southern Aymara","ayc","sout2996","Andean","Aymara","Nuclear Aymara","2 Not initial interrogative phrase","Aymara_Phonemic","","IDS","South America","-17.1417","-70.3442"
"10",10,26,"Ayoreo","Ayoreo","Ayoreo [Phonemic]","Ayoreo","ayo","ayor1240","SE South America","Zamucoan","Zamuco-Ayoreo","","Ayoreo_Phonemic","","IDS","South America","-19.2201","-60.2175"
"11",11,30,"Barí","Motilón (Chibchan)","Barí [Phonemic]","Bari (Chibchan)","mot","bari1297","NE South America","Chibchan","Southern Magdalenic","","Bar�_Phonemic","","IDS","South America","9.08497","-72.9353"
"12",12,31,"Basque","Basque","Basque [Phonemic]","Basque","eus","basq1248","Europe","Basque","Basque","","Basque_Phonemic","","IDS","Eurasia","43.2787","-1.31622"
"13",13,32,"Baure","Baure","Baure [Phonemic]","Baure","brg","baur1253","NE South America","Arawakan","Baure-Carmelito-Joaquiniano","1 Initial interrogative phrase","Baure_Phonemic","","IDS","South America","-13.1278","-64.1838"
"14",14,33,"Bella Coola","Bella Coola","Bella Coola [Phonemic]","Bella Coola","blc","bell1243","Alaska-Oregon","Salishan","Salishan","","Bella_Coola_Phonemic","","IDS","North America","52.3448","-126.689"
"15",15,37,"Breton","Breton","Breton [Phonemic]","Breton","bre","bret1244","Europe","Indo-European","Southwestern Brythonic","1 Initial interrogative phrase","Breton_Phonemic","","IDS","Eurasia","48.2452","-3.78934"
"16",16,39,"Bulgarian","Bulgarian","Bulgarian [Phonemic]","Bulgarian","bul","bulg1262","Europe","Indo-European","Macedo-Bulgarian","1 Initial interrogative phrase","Bulgarian_Phonemic","","IDS","Eurasia","43.3646","25.047"
"17",17,40,"Canela","Canela","Canela [Phonemic]","Canela","ram","cane1242","NE South America","Nuclear-Macro-Je","Timbira","1 Initial interrogative phrase","Canela_Phonemic","","IDS","South America","-6.10712","-45.1299"
"18",18,41,"Maquiritari","Carib (De\'kwana)","Carib (De'kwana) [Phonemic]","Maquiritari","mch","maqu1238","NE South America","Cariban","Guianan","1 Initial interrogative phrase","Carib_De.kwana_Phonemic","","IDS","South America","4.70705","-64.3877"
"19",19,42,"Cashibo-Cacataibo","Cashibo","Cashibo [Phonemic]","Cashibo-Cacataibo","cbr","cash1251","Andean","Panoan","Kashibo","","Cashibo_Phonemic","","IDS","South America","-8.70232","-75.4206"
"20",20,44,"Katukína, Panoan","","Catuquina [Phonemic]","Panoan Katuk�na","knt","pano1254","NE South America","Panoan","Marubo Subgroup",NA,"Catuquina_Phonemic","not on WALS","IDS","South America","-7.97456","-71.5615"
"21",21,45,"Cavineña","Cavineña","Cavineña [Phonemic]","Cavine�a","cav","cavi1250","NE South America","Tacanan","Tacanan","","Cavine�a_Phonemic","","IDS","South America","-13.3544","-66.6277"
"22",22,46,"Chachi","Cayapa","Cayapa [Phonemic]","Chachi","cbi","chac1249","Andean","Barbacoan","Cayapa-Colorado","1 Initial interrogative phrase","Cayapa_Phonemic","","IDS","South America","0.71489","-79.0508"
"23",23,47,"Cayubaba","Cayuvava","Cayuvava [Phonemic]","Cayubaba","cyb","cayu1262","NE South America","Cayubaba","Cayuvava","","Cayuvava_Phonemic","","IDS","South America","-13.2482","-65.4822"
"24",24,48,"Central-Thai","","Central-Thai [Phonemic]","Thai","tha","thai1261","Southeast Asia","Tai-Kadai","Lao-Thai","2 Not initial interrogative phrase","Central.Thai_Phonemic","","IDS","Eurasia","14.192","100.671"
"25",25,49,"Chácobo","Chácobo","Chácobo [Phonemic]","Ch�cobo","cao","chac1251","NE South America","Panoan","Bolivian Nawa","1 Initial interrogative phrase","Ch�cobo_Phonemic","","IDS","South America","-12.133","-66.7164"
"26",26,50,"Chadong","","Chadong [Phonemic]","Chadong","cdy","chad1240","Southeast Asia","Tai-Kadai","Maonan-Chadong",NA,"Chadong_Phonemic","not on WALS","IDS","Eurasia","25.23532","109.96041"
"27",27,52,"Chatino, Zacatepec","","Chatino, Zacatepec [Phonemic]","Zacatepec Chatino","ctz","zaca1242","Mesoamerica","Otomanguean","Eastern Chatino",NA,"Chatino._Zacatepec_Phonemic","not on WALS","IDS","North America","16.08","-97.3069"
"28",28,55,"Chehalis, Upper","Chehalis (Upper)","Chehalis (Upper) [Phonemic]","Upper Chehalis","cjh","uppe1439","Alaska-Oregon","Salishan","Inland Tsamosan","","Chehalis_Upper_Phonemic","","IDS","North America","46.7981","-123.169"
"29",29,56,"Chipaya","","Chipaya [Phonemic]","Chipaya","cap","chip1262","Andean","Uru-Chipaya","Uru-Chipaya","","Chipaya_Phonemic","","IDS","South America","-18.7395","-67.8963"
"30",30,57,"Guaraní, Eastern Bolivian","Chiriguano","Chiriguano [Phonemic]","Eastern Bolivian Guaran�","gui","east2555","SE South America","Tupian","Chiriguanic","","Chiriguano_Phonemic","","IDS","South America","-21.0909","-61.7179"
"31",31,58,"Chorote, Iyojwa\'ja","Chorote","Chorote [Phonemic]","Iyo'wujwa Chorote","crq","iyow1239","SE South America","Matacoan","Chorote","","Chorote_Phonemic","","IDS","South America","-22.2067","-62.6508"
"32",32,59,"Cofán","Cofán","Cofán [Phonemic]","Cof�n","con","cofa1242","Andean","Cofán","Cof�n","","Cof�n_Phonemic","","IDS","South America","0.276675","-77.0643"
"33",33,60,"Colorado","Tsafiki","Colorado [Phonemic]","Tsafiki","cof","colo1256","Andean","Barbacoan","Cayapa-Colorado","","Colorado_Phonemic","","IDS","South America","-0.21181","-79.2347"
"34",34,68,"Dehong","","Dehong [Phonemic]","Kh�n","kkh","khun1259","Southeast Asia","Tai-Kadai","Southern Shan","2 Not initial interrogative phrase","Dehong_Phonemic","","IDS","Eurasia","19.6062","99.3363"
"35",35,70,"Ecun Buyang","","Ecun Buyang [Phonemic]","Langnian Buyang","yln","lang1316","Southeast Asia","Tai-Kadai","Northern Buyang",NA,"Ecun_Buyang_Phonemic","not on WALS","IDS","Eurasia","23.0105","104.449"
"36",36,71,"Elamite","","Elamite [Phonemic]","Elamite","elx","elam1244","Greater Mesopotamia","Elamite",NA,NA,"Elamite_Phonemic","not on WALS","IDS","Eurasia","31.1833","48.2333"
"37",37,72,"Emberá, Northern","Embera","Embera [Phonemic]","Northern Ember�","emp","nort2972","Andean","Chocoan","Katio","","Embera_Phonemic","","IDS","South America","7.12761","-77.574"
"38",38,76,"Epena","Epena Pedee","Epena [Phonemic]","Epena","sja","epen1239","Andean","Chocoan","San Juan","1 Initial interrogative phrase","Epena_Phonemic","","IDS","South America","4.25877","-77.3566"
"39",39,77,"Erzya","Mordvin (Erzya)","Erza Mordvin [Phonemic]","Erzya","myv","erzy1239","Inner Asia","Uralic","Mordvin","","Erza_Mordvin_Phonemic","","IDS","Eurasia","52.8548","45.3901"
"40",40,78,"Ese Ejja","Ese Ejja","Ese Ejja [Phonemic]","Ese Ejja","ese","esee1248","NE South America","Tacanan","Takanik-Chamik","1 Initial interrogative phrase","Ese_Ejja_Phonemic","double","IDS","South America","-11.7268","-67.515"
"41",41,79,"Ese Ejja","Ese Ejja","Ese Ejja (Huarayo) [Phonemic]","","ese","esee1248","NE South America","Tacanan","Takanik-Chamik","1 Initial interrogative phrase","Ese_Ejja_Huarayo_Phonemic","double","IDS","South America","-11.7268","-67.515"
"42",42,80,"Estonian","Estonian","Estonian [Phonemic]","Estonian","est","esto1258","Inner Asia","Uralic","Finnic","1 Initial interrogative phrase","Estonian_Phonemic","","IDS","Eurasia","59.5478","22.8209"
"43",43,81,"Finnish","Finnish","Finnish [Phonemic]","Finnish","fin","finn1318","Inner Asia","Uralic","Nuclear Finnish","1 Initial interrogative phrase","Finnish_Phonemic","","IDS","Eurasia","64.7628","25.5577"
"44",44,83,"German, Standard","German","German [Phonemic]","Standard German","deu","stan1295","Europe","Indo-European","High Franconian","","German_Phonemic","","IDS","Eurasia","48.649","12.4676"
"45",45,88,"Wayuu","Goajiro","Goajiro [Phonemic]","Wayuu","guc","wayu1243","NE South America","Arawakan","Guajiro-Paraujano","1 Initial interrogative phrase","Goajiro_Phonemic","","IDS","South America","10.2252","-71.8101"
"46",46,92,"Guaraní, Paraguayan","Guaraní","Guaraní [Phonemic]","Paraguayan Guaran�","gug","para1311","SE South America","Tupian","Paraguay-Brazil Guarani","2 Not initial interrogative phrase","Guaran�_Phonemic","","IDS","South America","-25.6055","-57.0882"
"47",47,93,"Puelche","Gününa Küne","Gününa Küne [Phonemic]","Puelche","pue","puel1244","SE South America","Puelche","Puelche","","G�n�na_K�ne_Phonemic","","IDS","South America","-36.6376","-62.9413"
"48",48,94,"Haida, Northern","Haida (Northern)","Haida (Northern) [Phonemic]","Northern Haida","hdn","nort2938","Alaska-Oregon","Haida","Haida","3 Mixed","Haida_Northern_Phonemic","","IDS","North America","54.6931","-132.465"
"49",49,95,"Hausa","Hausa","Hausa [Phonemic]","Hausa","hau","haus1257","African Savannah","Afro-Asiatic","West Chadic A A.1","3 Mixed","Hausa_Phonemic","","IDS","Africa","11.1513","8.7804"
"50",50,96,"Hawaiian","Hawaiian","Hawaiian [Phonemic]","Hawaiian","haw","hawa1245","Oceania","Austronesian","Central East Nuclear Polynesian","2 Not initial interrogative phrase","Hawaiian_Phonemic","","IDS","Pacific","19.6297","-155.43"
"51",51,102,"Ignaciano","Ignaciano","Ignaciano [Phonemic]","Ignaciano","ign","igna1246","NE South America","Arawakan","Moxo","1 Initial interrogative phrase","Ignaciano_Phonemic","","IDS","South America","-15.1188","-65.3993"
"52",52,106,"Itonama","Itonama","Itonama [Phonemic]","Itonama","ito","iton1250","NE South America","Itonama","Itonama","","Itonama_Phonemic","","IDS","South America","-12.8043","-64.3575"
"53",53,107,"Kaingáng","Kaingang","Kaingáng [Phonemic]","Kaingang","kgp","kain1272","SE South America","Nuclear-Macro-Je","Kaingangic","","Kaing�ng_Phonemic","","IDS","South America","-27.7671","-52.5394"
"54",54,108,"Karajá","","Karajá [Phonemic]","Karaj�","kpj","kara1500","NE South America","Nuclear-Macro-Je","Ofaie","2 Not initial interrogative phrase","Karaj�_Phonemic","","IDS","South America","-11.1881","-50.3492"
"55",55,111,"Karok","Karok","Karok [Phonemic]","Karok","kyh","karo1304","California","Karok","Karok","","Karok_Phonemic","","IDS","North America","41.8228","-123.315"
"56",56,112,"Khamuang of Chiang Mai","","Khamuang of Chiang Mai [Phonemic]","Northern Thai","nod","nort2740","Southeast Asia","Tai-Kadai","Lao-Thai","2 Not initial interrogative phrase","originally -thai 1261, tha","","IDS","Eurasia","18.8575","100.207"
"57",57,113,"Khanty","Khanty","Khanty [Phonemic]","Khanty","kca","khan1273","Inner Asia","Uralic","Uralic","2 Not initial interrogative phrase","Khanty_Phonemic","","IDS","Eurasia","62.4308","66.1218"
"58",58,117,"Komi-Zyrian","Komi-Zyrian","Komi [Phonemic]","Komi-Zyrian","kpv","komi1268","Inner Asia","Uralic","Komi","","Komi_Phonemic","","IDS","Eurasia","64.0527","54.946"
"59",59,119,"Kunza","Atacameño","Kunza [Phonemic]","Kunza","kuz","kunz1244","Andean","Kunza","Kunza","","Kunza_Phonemic","","IDS","South America","-23","-69"
"60",60,122,"Lakkia","","Lakkia [Phonemic]","Lakkia","lbc","lakk1238","Southeast Asia","Tai-Kadai","Lakkia-Biao","","Lakkia_Phonemic","","IDS","Eurasia","24.1169","110.106"
"61",61,123,"Langja Buyang","","Langja Buyang [Phonemic]","Langnian Buyang","yln","lang1316","Southeast Asia","Tai-Kadai","Northern Buyang",NA,"Langja_Buyang_Phonemic","not on WALS","IDS","Eurasia","23.0105","104.449"
"62",62,124,"Saami, North","Saami (Northern)","Lappish (North Saami) [Phonemic]","Northern Sami","sme","nort2671","Inner Asia","Uralic","Central Western Saami","","Lappish_North_Saami_Phonemic","","IDS","Eurasia","68.725","22.1113"
"63",63,127,"Lengua","Lengua","Lengua [Phonemic]","Lengua","leg","leng1262","SE South America","Lengua-Mascoy","Lengua-Mascoy","","Lengua_Phonemic","","IDS","South America","-22.6559","-58.9053"
"64",64,131,"Li of Baoding","","Li of Baoding [Phonemic]","",NA,"nucl1241","Southeast Asia","Tai-Kadai",NA,NA,"Li_of_Baoding_Phonemic","not on WALS, not on Glotto","IDS",NA,"109.78","18.64"
"65",65,132,"Limonese Creole","","Limonese Creole [Phonemic]","Limonese Creole","qlm","limo1249","Mesoamerica","Indo-European","Jamaicanic",NA,"Limonese_Creole_Phonemic","not on WALS","IDS","North America","18.13","-77.26"
"66",66,134,"Maca","Maca","Maca [Phonemic]","Maca","mca","maca1260","SE South America","Matacoan","Mataguayo I","","Maca_Phonemic","","IDS","South America","-25.0119","-57.3694"
"67",67,135,"Macushi","Macushi","Macushi [Phonemic]","Macushi","mbc","macu1259","NE South America","Cariban","Pemongan","1 Initial interrogative phrase","Macushi_Phonemic","","IDS","South America","4.31861","-60.2209"
"68",68,136,"Mansi","Mansi","Mansi [Phonemic]","Mansi","mns","mans1258","Inner Asia","Uralic","Uralic","2 Not initial interrogative phrase","Mansi_Phonemic","","IDS","Eurasia","64.4118","61.344"
"69",69,137,"Maonan","","Maonan [Phonemic]","Maonan","mmd","maon1241","Southeast Asia","Tai-Kadai","Maonan-Chadong",NA,"Maonan_Phonemic","not on WALS","IDS","Eurasia","25.0169","108.024"
"70",70,138,"Maori","Maori","Maori [Phonemic]","Maori","mri","maor1246","Oceania","Austronesian","Tahitic","2 Not initial interrogative phrase","Maori_Phonemic","","IDS","Pacific","-38.2881","176.541"
"71",71,139,"Mapudungun","Mapudungun","Mapudungun [Phonemic]","Mapudungun","arn","mapu1245","Andean","Araucanian","Araucanian","2 Not initial interrogative phrase","Mapudungun_Phonemic","","IDS","South America","-38.7392","-71.277"
"72",72,140,"Mari, Eastern","Mari (Meadow)","Mari [Phonemic]","Eastern Mari","mhr","east2328","Inner Asia","Uralic","Mari","","Mari_Phonemic","","IDS","Eurasia","55.8307","48.405"
"73",73,141,"Marquesan, North; Marquesan, South","Marquesan","Marquesan [Phonemic]","North Marquesan","mrq","nort2845","Oceania","Austronesian","Nuclear Marquesic","","Marquesan_Phonemic","","IDS","Pacific","-8.89412","-140.108"
"74",74,142,"Mashco Piro","","Mashco Piro [Phonemic]","Mashco Piro","cuj","mash1270","NE South America","Arawakan","Piroic",NA,"Mashco_Piro_Phonemic","","IDS","South America","-11.4745","-70.7953"
"75",75,143,"Mocoví","Mocoví","Mocoví [Phonemic]","Mocov�","moc","moco1246","SE South America","Guaicuruan","Qom","1 Initial interrogative phrase","Mocov�_Phonemic","","IDS","South America","-28.097","-60.4145"
"76",76,144,"Tsimané","Mosetén","Mosetén [Phonemic]","Moset�n-Chiman�","cas","mose1249","NE South America","Mosetén-Chimané","Mosetenan","1 Initial interrogative phrase","Moset�n_Phonemic","","IDS","South America","-14.6445","-67.8376"
"77",77,145,"Movima","Movima","Movima [Phonemic]","Movima","mzp","movi1243","NE South America","Movima","Movima","1 Initial interrogative phrase","Movima_Phonemic","","IDS","South America","-13.8115","-65.6348"
"78",78,148,"Mulam","","Mulam [Phonemic]","Mulam","mlm","mula1253","Southeast Asia","Tai-Kadai","Mulam-Kam","","Mulam_Phonemic","","IDS","Eurasia","24.8151","108.928"
"79",79,149,"Mundurukú","Mundurukú","Mundurukú [Phonemic]","Munduruk�","myu","mund1330","NE South America","Tupian","Mundurukuic","1 Initial interrogative phrase","Munduruk�_Phonemic","","IDS","South America","-8.41095","-57.691"
"80",80,150,"Nahuatl, Highland Puebla","Nahuatl (Sierra de Zacapoaxtla)","Nahuatl (Sierra de Zacapoaxtla) [Phonemic]","Highland Puebla Nahuatl","azz","high1278","Mesoamerica","Uto-Aztecan","Eastern Nahuatl","","Nahuatl_Sierra_de_Zacapoaxtla_Phonemic","","IDS","North America","20.1554","-97.5556"
"81",81,151,"Negerhollands","","Negerhollands [Phonemic]","Negerhollands","dcr","nege1244","Mesoamerica","Indo-European","Dutch Caribbean Creole",NA,"Negerhollands_Phonemic","","IDS","North America","18.3416","-64.8922"
"82",82,152,"Nenets","Nenets","Nenets [Phonemic]","Nenets","yrk","nene1249","Inner Asia","Uralic","Samoyedic","","Nenets_Phonemic","","IDS","Eurasia","66.1775","71.0234"
"83",83,153,"Ninam","Shiriana","Ninam (Shirishana) [Phonemic]","Ninam","shb","nina1238","NE South America","Yanomam","Ninam-Yanomam-Yaroame","1 Initial interrogative phrase","Ninam_Shirishana_Phonemic","","IDS","South America","4.03894","-62.7801"
"84",84,154,"Nivaclé","Chulupí","Nivaclé [Phonemic]","Nivacl�","cag","niva1238","SE South America","Matacoan","Mataguayo I","","Nivacl�_Phonemic","","IDS","South America","-22.8557","-61.7606"
"85",85,156,"Nootka","Nuuchahnulth","Nootka [Phonemic]","","noo","noot1238","Alaska-Oregon","Wakashan","Southern Wakashan","1 Initial interrogative phrase","Nootka_Phonemic","Not on Glotto","IDS","North America","47.4623893","-118.3132951"
"86",86,158,"Nung-Fengshan","Anong","Nung-Fengshan [Phonemic]","Nung (Myanmar)","nun","nung1282","Southeast Asia","Sino-Tibetan","Gunong","","Nung.Fengshan_Phonemic","different in Wals","IDS","Eurasia","27.2887","98.7333"
"87",87,159,"Nung-Lazhai","","Nung-Lazhai [Phonemic]","","nut","nung1283","Southeast Asia","Tai-Kadai","Debao-Jingxi-Nung","2 Not initial interrogative phrase","Nung.Lazhai_Phonemic","wh-words not similar with #160","IDS","Eurasia","20.8965","104.286"
"88",88,160,"Nung-Ninbei","","Nung-Ninbei [Phonemic]","","nut","nung1283","Southeast Asia","Tai-Kadai","Debao-Jingxi-Nung","2 Not initial interrogative phrase","Nung.Ninbei_Phonemic","nong1247 - ash Harold","IDS","Eurasia","20.8965","104.286"
"89",89,161,"Pakaásnovos","Wari\'","Pacaas Novos [Phonemic]","Wari'","pav","wari1268","NE South America","Chapacuran","Wari-Oro Win","1 Initial interrogative phrase","Pacaas_Novos_Phonemic","","IDS","South America","-10.6995","-64.5615"
"90",90,162,"Pacahuara","","Pacahuara [Phonemic]","Pacahuara","pcp","paca1246","NE South America","Panoan","Bolivian Nawa",NA,"Pacahuara_Phonemic","not on WALS","IDS","South America","-11.9968","-65.5568"
"91",91,163,"Páez","Páez","Páez [Phonemic]","P�ez","pbb","paez1247","NE South America","Páez","P�ezan","","P�ez_Phonemic","","IDS","South America","2.61516","-76.3125"
"92",92,164,"Eñepa","Panare","Panare [Phonemic]","E'napa Woromaipu","pbh","enap1235","NE South America","Cariban","Pemong-Panare","","Panare_Phonemic","","IDS","South America","6.95035","-65.8483"
"93",93,165,"Farsi, Western","Persian","Persian [Phonemic]","Western Farsi","pes","west2369","Greater Mesopotamia","Indo-European","Farsic","2 Not initial interrogative phrase","Persian_Phonemic","","IDS","Eurasia","28.6593","55.1586"
"94",94,166,"Pilagá","Pilagá","Pilagá [Phonemic]","Pilag�","plg","pila1245","SE South America","Guaicuruan","Pilaga-Toba","1 Initial interrogative phrase","Pilag�_Phonemic","","IDS","South America","-25.0058","-60.1537"
"95",95,167,"Polci","","Polci [Phonemic]","Polci","plj","polc1243","African Savannah","Afro-Asiatic","Nyamzak",NA,"Polci_Phonemic","not on WALS","IDS","Africa","10.0258","9.53362"
"96",96,170,"Proto Austronesian","","Proto Austronesian [Phonemic]","",NA,NA,"Oceania",NA,NA,NA,"Proto_Austronesian_Phonemic","delete","IDS",NA,NA,NA
"97",97,171,"Proto Polynesian","","Proto Polynesian [Phonemic]","",NA,NA,"Oceania",NA,NA,NA,"Proto_Polynesian_Phonemic","delete","IDS",NA,NA,NA
"98",98,173,"Puinave","Puinave","Puinave [Phonemic]","Puinave","pui","puin1248","NE South America","Puinave","Puinave","","Puinave_Phonemic","","IDS","South America","3.92974","-67.6886"
"99",99,174,"Qau Kelao","","Qau Kelao [Phonemic]","","gqu","gela1265","Southeast Asia","Tai-Kadai",NA,NA,"Qau_Kelao_Phonemic","not on WALS, not on Glotto","IDS",NA,"26.57","26.57"
"100",100,175,"Qawasqar","Qawasqar","Qawasqar [Phonemic]","Qawasqar","alc","qawa1238","SE South America","Kawesqar","North Central Alacufan","","Qawasqar_Phonemic","","IDS","South America","-49.703","-75.3756"
"101",101,176,"Rapa Nui","Rapanui","Rapa Nui [Phonemic]","Rapanui","rap","rapa1244","Oceania","Austronesian","East Nuclear Polynesian","","Rapa_Nui_Phonemic","","IDS","Pacific","-27.113","-109.342"
"102",102,178,"Romani, Vlax","Romani (Kalderash); Romani (Lovari)","Romani [Phonemic]","",NA,"roma1329","Inner Asia","Indo-European",NA,NA,"Romani_Phonemic","not on WALS, not on Glotto","IDS",NA,"49.6558485","18.0328078"
"103",103,180,"Rotuman","Rotuman","Rotuman [Phonemic]","Rotuman","rtm","rotu1241","Oceania","Austronesian","Central Pacific","2 Not initial interrogative phrase","Rotuman_Phonemic","","IDS","Pacific","-12.5008","177.066"
"104",104,181,"Russian","Russian","Russian [Phonemic]","Russian","rus","russ1263","Inner Asia","Indo-European","East Slavic","1 Initial interrogative phrase","Russian_Phonemic","","IDS","Eurasia","59","50"
"105",105,183,"Sanapaná","","Sanapaná Dialect Angaité [Phonemic]","","spn","nucl1655","SE South America","Lengua-Mascoy",NA,NA,"Sanapan�_Dialect_Angait�_Phonemic","not on WALS, not on Glotto","IDS",NA,"18.64","18.64"
"106",106,184,"Sanapaná","","Sanapaná Dialect Enlhet [Phonemic]","","spn","nucl1655","SE South America","Lengua-Mascoy",NA,NA,"Sanapan�_Dialect_Enlhet_Phonemic","double (row 106)","IDS",NA,"109.78","109.78"
"107",107,185,"Sanchong Kelao","","Sanchong Kelao [Phonemic]","",NA,"gela1265","Southeast Asia","Tai-Kadai",NA,NA,"Sanchong_Kelao_Phonemic","not on WALS, not on Glotto","IDS",NA,"107.24","107.24"
"108",108,187,"Ona","Selknam","Selknam [Phonemic]","Selk'nam","ona","onaa1245","SE South America","Chonan","Insular Chonan","","Selknam_Phonemic","","IDS","South America","-54","-68.5"
"109",109,188,"Selkup","Selkup","Selkup [Phonemic]","Selkup","sel","selk1253","Inner Asia","Uralic","Samoyedic","2 Not initial interrogative phrase","Selkup_Phonemic","","IDS","Eurasia","59.9409","82.3004"
"110",110,189,"Serbo-Croatian","Serbian-Croatian","Serbo-Croatian [Phonemic]","Croatian","hrv","croa1245","Europe","Indo-European","South-Western Slavic","","Serbo.Croatian_Phonemic","","IDS","Eurasia","45.2006","16.826"
"111",111,190,"Seri","Seri","Seri [Phonemic]","Seri","sei","seri1257","Mesoamerica","Seri","Seri","2 Not initial interrogative phrase","Seri_Phonemic","","IDS","North America","28.9877","-112.384"
"112",112,191,"Shan","","Shan [Phonemic]","Shan","shn","shan1277","Southeast Asia","Tai-Kadai","Northern Shan","","Shan_Phonemic","double","IDS","Eurasia","21.5995","98.0342"
"113",113,192,"Shan (Dialect Northern Shan)","","Shan (Dialect Northern Shan) [Phonemic]","","shn","shan1277","Southeast Asia","Tai-Kadai","Northern Shan","","Shan_Dialect_Northern_Shan_Phonemic","double","IDS","Eurasia","21.5995","98.0342"
"114",114,193,"Shipibo-Conibo","Shipibo-Konibo","Shipibo-Conibo [Phonemic]","Shipibo-Conibo","shp","ship1254","NE South America","Panoan","Shipibo-Konibo-Kapanawa","2 Not initial interrogative phrase","Shipibo.Conibo_Phonemic","","IDS","South America","-7.17105","-74.8219"
"115",115,194,"Siona","Siona","Siona [Phonemic]","Siona","snn","sion1247","NE South America","Tucanoan","Siona-Secoya","","Siona_Phonemic","","IDS","South America","0.31733","-76.0237"
"116",116,195,"Sirionó","Sirionó","Sirionó [Phonemic]","Sirion�","srq","siri1273","NE South America","Tupian","Siriono-Jora","1 Initial interrogative phrase","Sirion�_Phonemic","","IDS","South America","-15.5298","-63.9688"
"117",117,196,"Slavonic, Old Church","","Slavonic (Old Church) [Phonemic]","Old Church Slavonic","chu","chur1257","Europe","Indo-European","Eastern South Slavic",NA,"Slavonic_Old_Church_Phonemic","not on WALS","IDS","Eurasia","43.7171","22.8442"
"118",118,197,"Southern Kam","","Southern Kam [Phonemic]","",NA,"kami1255","Southeast Asia","Tai-Kadai",NA,NA,"Southern_Kam_Phonemic","not on WALS, not on Glotto","IDS",NA,"-6.71","37.98"
"119",119,198,"Southern Tai of Songkhla","","Southern Tai of Songkhla [Phonemic]","",NA,"sout2746","Southeast Asia","Tai-Kadai","Lao-Thai",NA,"Southern_Tai_of_Songkhla_Phonemic"," was thai1261 ","IDS","Eurasia","6.85668","99.7031"
"120",120,199,"Spanish","Spanish","Spanish [Phonemic]","Standard Spanish","spa","stan1288","Europe","Indo-European","Castilic","1 Initial interrogative phrase","Spanish_Phonemic","","IDS","Eurasia","40.4414","-1.11788"
"121",121,200,"Sui","","Sui [Phonemic]","Sui","swi","suii1243","Southeast Asia","Tai-Kadai","Maonan-Mak-Sui","","Sui_Phonemic","","IDS","Eurasia","24.0488","106.563"
"122",122,204,"Tacana","Tacana","Tacana [Phonemic]","Tacana","tna","taca1256","NE South America","Tacanan","Takanik","1 Initial interrogative phrase","Tacana_Phonemic","","IDS","South America","-13.3925","-68.0406"
"123",123,205,"Tai Khuen","","Tai Khuen [Phonemic]","Kh�n","kkh","khun1259","Southeast Asia","Tai-Kadai","Southern Shan","2 Not initial interrogative phrase","Tai_Khuen_Phonemic","","IDS","Eurasia","19.6062","99.3363"
"124",124,206,"Tai Lue","","Tai Lue [Phonemic]","L�","khb","luuu1242","Southeast Asia","Tai-Kadai","Lue-Yong","","Tai_Lue_Phonemic","","IDS","Eurasia","21.0321","101.282"
"125",125,208,"Tehuelche","Tehuelche","Tehuelche [Phonemic]","Tehuelche","teh","tehu1242","SE South America","Chonan","Continental Chonan","","Tehuelche_Phonemic","","IDS","South America","-47.5796","-68.3235"
"126",126,209,"Thai (Dialect Korat)","","Thai (Dialect Korat) [Phonemic]","",NA,"thai1261","Southeast Asia","Tai-Kadai","Lao-Thai",NA,"Thai_Dialect_Korat_Phonemic","could be laot1235","IDS","Eurasia","14.192","100.671"
"127",127,210,"Thai (Standard)","","Thai (Standard) [Phonemic]","",NA,"thai1261","Southeast Asia","Tai-Kadai","Lao-Thai",NA,"Thai_Standard_Phonemic","another Thai","IDS","Eurasia","14.192","100.671"
"128",128,212,"Tlingit","Tlingit","Tlingit [Phonemic]","Tlingit","tli","tlin1245","Alaska-Oregon","Athapaskan-Eyak-Tlingit","Athapaskan-Eyak-Tlingit","","Tlingit_Phonemic","","IDS","North America","59.4447","-135.29"
"129",129,213,"Toba","Toba","Toba [Phonemic]","Toba","tob","toba1269","SE South America","Guaicuruan","Pilaga-Toba","1 Initial interrogative phrase","Toba_Phonemic","","IDS","South America","-24.4025","-60.4473"
"130",130,214,"Tokharian A","","Tokharian A [Phonemic]","Tocharian A","xto","tokh1242","Europe","Indo-European","Tokharian",NA,"Tokharian_A_Phonemic","","IDS","Eurasia","40.333402","87.248417"
"131",131,215,"Tokharian B","","Tokharian B [Phonemic]","Tocharian B","txb","tokh1243","Europe","Indo-European","Tokharian",NA,"Tokharian_B_Phonemic","","IDS","Eurasia","39.5708233","71.3739565"
"132",132,216,"Tongan","Tongan","Tongan [Phonemic]","Tonga (Tonga Islands)","ton","tong1325","Oceania","Austronesian","Tongic","2 Not initial interrogative phrase","Tongan_Phonemic","","IDS","Pacific","-21.17","-175.25"
"133",133,217,"Trinitario","","Trinitario [Phonemic]","Trinitario","trn","trin1274","NE South America","Arawakan","Moxo",NA,"Trinitario_Phonemic","","IDS","South America","-15.3331","-65.4096"
"134",134,218,"Trumaí","Trumai","Trumai [Phonemic]","Trumai","tpy","trum1247","NE South America","Trumai","Trumai","1 Initial interrogative phrase","Trumai_Phonemic","","IDS","South America","-11.8119","-53.5717"
"135",135,222,"Tsimshian","Tsimshian (Coast)","Tsimshian [Phonemic]","Nuclear Tsimshian","tsi","nucl1649","Alaska-Oregon","Tsimshian","Tsimshian","2 Not initial interrogative phrase","Tsimshian_Phonemic","","IDS","North America","54.6214","-130.496"
"136",136,223,"Tuamotuan","Tuamotuan","Tuamotuan [Phonemic]","Tuamotuan","pmt","tuam1242","Oceania","Austronesian","Tahitic","","Tuamotuan_Phonemic","","IDS","Pacific","-21.709","-140.658"
"137",137,224,"Tuyuca","Tuyuca","Tuyuca [Phonemic]","Tuyuca","tue","tuyu1244","NE South America","Tucanoan","Tuyuca-Yuruti","","Tuyuca_Phonemic","","IDS","South America","0.39441","-70.0435"
"138",138,226,"Udmurt","Udmurt","Udmurt [Phonemic]","Udmurt","udm","udmu1245","Inner Asia","Uralic","Permian","","Udmurt_Phonemic","","IDS","Eurasia","56.1292","52.6355"
"139",139,227,"Waiwai","Wai Wai","Wai Wai [Phonemic]","Waiwai","waw","waiw1244","NE South America","Cariban","Nuclear Waiwaian","","Wai_Wai_Phonemic","","IDS","South America","1.50881","-59.1417"
"140",140,228,"Waorani","Waorani","Waorani [Phonemic]","Waorani","auc","waor1240","NE South America","Waorani","Waorani","","Waorani_Phonemic","","IDS","South America","-1.12312","-76.683"
"141",141,229,"Wapishana","Wapishana","Wapishana [Phonemic]","Wapishana","wap","wapi1253","NE South America","Arawakan","Wapishanan","","Wapishana_Phonemic","","IDS","South America","2.58744","-59.8021"
"142",142,230,"Waurá","Waurá","Waurá [Phonemic]","Waur�","wau","waur1244","NE South America","Arawakan","Waura-Mehinaku","","Waur�_Phonemic","","IDS","South America","-13.296","-53.6971"
"143",143,231,"Wayampi","Wayampi","Wayampi [Phonemic]","Wayampi","oym","waya1270","NE South America","Tupian","Wayampi-Zoe-Emerillon","1 Initial interrogative phrase","Wayampi_Phonemic","","IDS","South America","1.73817","-52.6887"
"144",144,233,"Wichí Lhamtés Güisnay","Wichí","Wichí [Phonemic]","Wich� Lhamt�s G�isnay","mzh","wich1264","SE South America","Matacoan","Wichi","1 Initial interrogative phrase","Wich�_Phonemic","","IDS","South America","-23.1633","-62.1757"
"145",145,234,"Yámana","Yahgan","Yagán [Phonemic]","Y�mana","yag","yama1264","SE South America","Yámana","Y�mana","","Yag�n_Phonemic","","IDS","South America","-55.2748","-68.2648"
"146",146,235,"Yagua","Yagua","Yagua [Phonemic]","Yagua","yad","yagu1244","NE South America","Peba-Yagua","Peba-Yagua","1 Initial interrogative phrase","Yagua_Phonemic","","IDS","South America","-3.42913","-72.2186"
"147",147,236,"Yaminahua","Yaminahua","Yaminahua [Phonemic]","Yaminahua","yaa","yami1256","NE South America","Panoan","Yaminawa Complex","","Yaminahua_Phonemic","","IDS","South America","-9.8846","-71.5964"
"148",148,237,"Yanomámi","Yanomámi","Yanomámi [Phonemic]","Yanom�mi","wca","yano1262","NE South America","Yanomam","Yanomami-Yanimamo","","Yanomámi_Phonemic","","IDS","South America","2.48999","-62.8522"
"149",149,238,"Pumé","Yaruro","Yaruro [Phonemic]","Pum�","yae","pume1238","NE South America","Pumé",NA,"","Yaruro_Phonemic","","IDS","South America","7.10677","-67.5996"
"150",150,239,"Yavitero","","Yavitero [Phonemic]","Yavitero","yvt","yavi1244","NE South America","Arawakan","Inland Northern Maipuran",NA,"Yavitero_Phonemic","","IDS","South America","9.8194","-67.4283"
"151",151,240,"Yiddish, Eastern","Yiddish","Yiddish [Phonemic]","Eastern Yiddish","ydd","east2295","Europe","Indo-European","Yiddish","","Yiddish_Phonemic","","IDS","Eurasia","51.75","19.42"
"152",152,241,"Yuwana","","Yuwana [Phonemic]","Yuwana","yau","yuwa1244","NE South America","Yuwana",NA,NA,"Yuwana_Phonemic","","IDS","South America","5.63879","-65.4267"
"153",153,242,"Zhuang-Longzhou","","Zhuang-Longzhou [Phonemic]","Minz Zhuang","zgm","minz1236","Southeast Asia","Tai-Kadai","Debao-Jingxi-Nung",NA,"Zhuang.Longzhou_Phonemic","not on WALS","IDS","Eurasia","23.33","105.5"
"154",154,243,"Zuni","Zuni","Zuni [Phonemic]","Zuni","zun","zuni1245","Basin and Plains","Zuni","Zuni","1 Initial interrogative phrase","Zuni_Phonemic","","IDS","North America","35.0056","-108.782"
"155",NA,NA,"Archi","","","","aqc","arch1244","Greater Mesopotamia","Nakh-Daghestanian","Daghestanian","2 Not initial interrogative phrase","","","WOLD","Eurasia","42.3239","46.8267"
"156",NA,NA,"Bezhta","","","","kap","bezh1248","Greater Mesopotamia","Nakh-Daghestanian","Daghestanian",NA,"","","WOLD","Eurasia","42.1206","46.0332"
"157",NA,NA,"Ceq Wong","","","","cwg","chew1245","Oceania","Austroasiatic","","","","found as Chewong","WOLD","Eurasia","3.83331","102.081"
"158",NA,NA,"Dutch","","","","nld","dutc1256","Europe","Indo-European","Modern Dutch","","","","WOLD","Eurasia","52","5"
"159",NA,NA,"English","","","","eng","stan1293","Europe","Indo-European","Germanic","1 Initial interrogative phrase","","","WOLD","Eurasia","53","-1"
"160",NA,NA,"Gawwada","","","","gwd","gaww1239","Greater Abyssinia","Afro-Asiatic","Dullay","","","in WALS Dullay (Gollango)","WOLD","Africa","5.37869","37.2737"
"161",NA,NA,"Gurindji","","","","gue","guri1247","N Australia","Pama-Nyungan","Pama-Nyungan","","","not on Glotto","WOLD","Australia","-17.0329","130.379"
"162",NA,NA,"Hausa","","","","hau","haus1257","African Savannah","Afro-Asiatic","Chadic","3 Mixed","","in IDS","WOLD","Africa","11.1513","8.7804"
"163",NA,NA,"Hawaiian","","","","haw","hawa1245","Oceania","Austronesian","Central East Nuclear Polynesian","2 Not initial interrogative phrase","","in IDS","WOLD","Pacific","19.6297","-155.43"
"164",NA,NA,"Hup","","","","jup","hupd1244","NE South America","Nadahup","Nadahup","1 Initial interrogative phrase","","Hupde in Glotto","WOLD","South America","0.58622","-69.8359"
"165",NA,NA,"Imbabura Quechua","","","","qvi","imba1240","Andean","Quechuan","Quechua","1 Initial interrogative phrase","","Quechua (Imbabura) in WALS","WOLD","South America","0.31776","-78.3729"
"166",NA,NA,"Indonesian","","","","ind","indo1316","Southeast Asia","Austronesian","","3 Mixed","","","WOLD","","-7.33458","109.716"
"167",NA,NA,"Iraqw","","","","irk","iraq1241","S Africa","Afro-Asiatic","","2 Not initial interrogative phrase","","","WOLD","","-4.19948","35.2939"
"168",NA,NA,"Japenese","","","","jpn","nucl1643","N Coast Asia","Japonic","","2 Not initial interrogative phrase","","","WOLD","","35","135"
"169",NA,NA,"Kali'na","","","","car","gali1262","NE South America","Cariban","","",""," in wals Galibi Carib ","WOLD","","5.83772","-56.8323"
"170",NA,NA,"Kanuri","","","","knc","cent2050","African Savannah","Saharan","","1 Initial interrogative phrase","","","WOLD","","11.8863","16.3918"
"171",NA,NA,"Ket","","","","ket","kett1243","Inner Asia","Yeniseian","","2 Not initial interrogative phrase","","Kildin Sami in Glotto","WOLD","","63.7551","87.5466"
"172",NA,NA,"Kildin Saami","","","","sjd","kild1236","Inner Asia","Uralic","","","","","WOLD","","68.2158","35.8348"
"173",NA,NA,"Lower Sorbian","","","","dsb","lowe1385","Europe","Indo-European","","","","","WOLD","","51.6621","13.9407"
"174",NA,NA,"Malagasy","","","","plt","plat1254","Southeast Asia","Austronesian","","1 Initial interrogative phrase","","","WOLD","","-19.5907","47.1211"
"175",NA,NA,"Manange","","","","nmm","mana1288","Indic","Sino-Tibetan","","","","","WOLD","","28.6416","84.0515"
"176",NA,NA,"Mandarin Chinese","","","","cmn","mand1415","Southeast Asia","Sino-Tibetan","","2 Not initial interrogative phrase","","","WOLD","","40.0209","116.228"
"177",NA,NA,"Mapudungun","","","","arn","mapu1245","Andean","Araucanian","","2 Not initial interrogative phrase","","in IDS","WOLD","","-38.7392","-71.277"
"178",NA,NA,"Old High German","","","","goh","oldh1241","Europe","Indo-European","","","","not on WALS","WOLD","","51.0851933","5.9698196"
"179",NA,NA,"Oroqen","","","","orh","oroq1238","N Coast Asia","Tungusic","","","","not on WALS","WOLD","","50.6319","125.017"
"180",NA,NA,"Otomi","","","","ote","mezq1235","Mesoamerica","Otomanguean","","1 Initial interrogative phrase","","Many Otomi variations on Glotto","WOLD","","20.2274","-99.5564"
"181",NA,NA,"Q'eqchi'","","","","kek","kekc1242","Mesoamerica","Mayan","","","","Kekchi in Glotto, K'ekch� in WALS","WOLD","","15.3788","-89.2452"
"182",NA,NA,"Romanian","","","","ron","roma1327","Europe","Indo-European","","1 Initial interrogative phrase","","","WOLD","","46.3913","24.2256"
"183",NA,NA,"Sakha","","","","sah","yaku1245","Inner Asia","Turkic","","","","Yakut in Glotto and WALS","WOLD","","61.6974","133.98"
"184",NA,NA,"Saramaccan","","","","srm","sara1340","NE South America","Indo-European","","","","","WOLD","","4.54729","-54.0238"
"185",NA,NA,"Selice Romani","","","","rmc","west2376","Europe","Indo-European","","","","","WOLD","","48.090278","17.97"
"186",NA,NA,"Seychelles Creole","","","","crs","sese1246","S Africa","Indo-European","","","","Seselwa Creole French in Glotto","WOLD","","-4.62314","55.4503"
"187",NA,NA,"Swahili","","","","swh","swah1253","S Africa","Atlantic-Congo","","2 Not initial interrogative phrase","","","WOLD","","-8.25605","37.624"
"188",NA,NA,"Takia","","","","tbc","taki1248","N Coast New Guinea","Austronesian","","","","Tarifit in Glotto, Berber in WALS","WOLD","","-4.69057","145.975"
"189",NA,NA,"Tarifiyt Berber","","","","rif","tari1263","N Africa","Afro-Asiatic","","1 Initial interrogative phrase","","","WOLD","","35.3281","-1.87354"
"190",NA,NA,"Thai","","","","tha","thai1261","Southeast Asia","Tai-Kadai","","","","","WOLD","","14.192","100.671"
"191",NA,NA,"Vietnamese","","","","vie","viet1252","Southeast Asia","Austroasiatic","","2 Not initial interrogative phrase","","","WOLD","","18.3887","106.757"
"192",NA,NA,"White Hmong","","","","mww","hmon1333","Southeast Asia","Hmong-Mien","","","","Hmong Daw in WOLD","WOLD","","21.5461","103.164"
"193",NA,NA,"Wichí","","","","mzh","wich1264","SE South America","Matacoan","","1 Initial interrogative phrase","","Wich� Lhamt�s G�isnay in Glotto","WOLD","","-23.1633","-62.1757"
"194",NA,NA,"Yaqui","","","","yaq","yaqu1251","Mesoamerica","Uto-Aztecan","","2 Not initial interrogative phrase","","","WOLD","","29.9446","-110.681"
"195",NA,NA,"Zinacantán Tzotzil","","","","tzz","tzot1259","Mesoamerica","Mayan","","","","not on Glotto","WOLD","","16.6362","-92.7388"
"196",NA,NA,"Hindi","","","","hin","hind1269","Indic","Indo-European","","2 Not initial interrogative phrase","Hindi_IDS.csv","","Spraakbanken","","25","77"
"197",NA,NA,"Marathi","","","","mar","mara1378","Indic","Indo-European","","2 Not initial interrogative phrase","Marathi_IDS.csv","","Spraakbanken","","17.9344","76.6665"
"198",NA,NA,"Telugu","","","","tel","telu1262","Indic","Dravidian","","2 Not initial interrogative phrase","Telugu_IDS.csv","","Spraakbanken","","16.4529","78.7024"
"199",NA,NA,"Bengali","","","","ben","beng1280","Indic","Indo-European","","","Bengali_IDS.csv","","Spraakbanken","","24","90"
"200",NA,NA,"Panjabi","","","","pan","panj1256","Indic","Indo-European","","2 Not initial interrogative phrase","Punjabi_IDS.csv","","Spraakbanken","","30.0368","75.6702"
"201",NA,NA,"Khasi","","","","kha","khas1269","Indic","Austroasiatic","","2 Not initial interrogative phrase","Khasi_IDS.csv","","Spraakbanken","","24.977","91.9998"
"202",NA,NA,"Tamil","","","","tam","tami1289","Indic","Dravidian","","2 Not initial interrogative phrase","Tamil_IDS.csv","","Spraakbanken","","10.520219","78.825989"
"203",NA,NA,"Nepali","","","","nep","nepa1252","Indic","Nepali","","2 Not initial interrogative phrase","Nepali_IDS.csv","","Spraakbanken","","27.5947","87.6201"
"204",NA,NA,"Tibetan","","","","bod","tibe1272","Inner Asia","Sino-Tibetan","","","Tibetan_IDS.csv","","Spraakbanken","","28.3681","90.1872"
"205",NA,NA,"Kotgarhi","","","","bfz","maha1287","Indic","Indo-European","","","Kotgarhi_IDS.csv","in glotto Mahasu Pahari ","Spraakbanken","","31.0088","77.5317"
"206",NA,NA,"Hungarian","","","","hun","hung1274","Europe","Uralic","","2 Not initial interrogative phrase","Hungarian_Phonemic","","IDS","","46.9069","19.6555"
"207",NA,NA,"Muisca","","","","chb","chib1270","NE South America","Chibchan","","","Muisca_Phonemic","","IDS","","6.24999","-74.1666"
"208",NA,NA,"Yanomami","","","","wca","yano1262","NE South America","Yanomam","","","Yanom�mi_Phonemic","","IDS","","2.48999","-62.8522"
"209",NA,NA,"Jaru","","","","ddj","jaru1254","N Australia","Pama-Nyungan","","1 Initial interrogative phrase","","Djaru in WALS","WOLD","","-18.3288","128.262"
"210",NA,NA,"Upper Sorbian","","","","hsb","uppe1395","Europe","Indo-European","","","","","","","51.2403","14.4098"
"211",NA,NA,"Balinese","","","","ban","bali1278","Southeast Asia","Austronesian","","","","","","","-8.35714","115.075"
"212",NA,NA,"Old Norse","","","","non","oldn1244","Europe","Indo-European","","","","Not on WALS","","",NA,NA
"213",NA,NA,"Czech","","","","ces","czec1258","Europe","Indo-European","","2 Not initial interrogative phrase","","","","","49.873398","15.10437"
"214",NA,NA,"Lao","","","","lao","laoo1244","Southeast Asia","Tai-Kadai","","2 Not initial interrogative phrase","","","","","16.0726","104.568"
"215",NA,NA,"Georgian","","","","kat","nucl1302","Greater Mesopotamia","Kartvelian","","2 Not initial interrogative phrase","","Modern Georgian on Wals","","","39.3705","45.8066"
"216",NA,NA,"Wardaman","","","","wrr","ward1246","N Australia","Yangmanic","","2 Not initial interrogative phrase","","","","","-15.4155","132.604"
"217",NA,NA,"Slovak","","","","slk","slov1269","Europe","Indo-European","","","","","","","48.545705","18.78479"
"218",NA,NA,"Italian","","","","ita","ital1282","Europe","Indo-European","","1 Initial interrogative phrase","","","","","43.0464","12.6489"
"219",NA,NA,"Konso","","","","kxc","kons1243","Greater Abyssinia","Afro-Asiatic","","","","Not on WALS","","","5.39111","37.53"
"220",NA,NA,"Amharic","","","","amh","amha1245","Greater Abyssinia","Afro-Asiatic","","2 Not initial interrogative phrase","","","","","11.7082","39.5435"
"221",NA,NA,"Miriwung","","","","mep","miri1266","N Australia","Jarrakan","","","","","","","-16.3596","128.889"
"222",NA,NA,"Serbian","","","","srp","serb1264","Europe","Indo-European","","","","Serbo-Croatian in WALS","","","44.3238","21.9192"
"223",NA,NA,"Sundanese","","","","sun","sund1252","Southeast Asia","Austronesian","","2 Not initial interrogative phrase","","","","","-6.89708","107.106"
"224",NA,NA,"Jaminjung","","","","djd","djam1255","N Australia","Mirndi","","","","","","","-15.0558","130.06"
"225",NA,NA,"Portuguese","","","","por","port1283","Europe","Indo-European","","","","","","","42.0341","-4.18815"
"226",NA,NA,"Middle Chinese","","","","ltc","midd1344","Southeast Asia","Sino-Tibetan","","","","Not on WALS","","",NA,NA
"227",NA,NA,"Javanese","","","","jav","java1254","Southeast Asia","Austronesian","","","","","","","-0.572307","110.885"
"228",NA,NA,"Sranan","","","","srn","sran1240","NE South America","Indo-European","","","","Sranana Tongo on Glotto","","","5.83","-55.33"
"229",NA,NA,"Greek","","","","ell","mode1248","Europe","Indo-European","","1 Initial interrogative phrase","","","","","42.3224","24.8699"
"230",NA,NA,"Tok Pisin","","","","tpi","tokp1240","S New Guinea","Indo-European","","","","","","","-9.41971","147.303"
"231",NA,NA,"Avar","","","","ava","avar1256","Greater Mesopotamia","Nakh-Daghestanian","","2 Not initial interrogative phrase","","","","","41.7047","46.558"
"232",NA,NA,"Malay","","","","zsm","stan1306","Southeast Asia","Austronesian","","","","","","","3.08896","101.699"
"233",NA,NA,"Sanskrit","","","","san","sans1269","Indic","Indo-European","","","","Not on WALS","","","20","77"
"234",NA,NA,"Arabic (Moroccan)","","","","ary","moro1292","N Africa","Afro-Asiatic","","","","","","","32.5","-7.5"
"235",NA,NA,"French","","","","fra","stan1290","Europe","Indo-European","","1 Initial interrogative phrase","","","","","48","2"
"236",NA,NA,"Arabic","","","","arb","stan1318","N Africa","Afro-Asiatic","","","","","","","27.9625","43.8525"
