,borrowed_score,age_score,simplicity_score,pk,borrowed,analyzability,word,language_pk,target_language,valueset_pk,parameter_pk,meaning,counterpart,POS,semantic_field_pk,semantic_field,iso,glottoID,langFam,subFam,class,genus,name
100,0,0.5,1,98,5. no evidence for borrowing,unanalyzable,basa,16,Archi,451896,1145,when?,1063,Function word,17,Cognition,aqc,arch1244,Nakh-Daghestanian,Daghestanian,Daghestanian%Nakh-Daghestanian,Daghestanian,Archi
217,0,0.5,1,215,5. no evidence for borrowing,unanalyzable,daki,16,Archi,453476,1149,why?,1067,Function word,17,Cognition,aqc,arch1244,Nakh-Daghestanian,Daghestanian,Daghestanian%Nakh-Daghestanian,Daghestanian,Archi
224,0,0.5,1,222,5. no evidence for borrowing,unanalyzable,danna,16,Archi,452291,1146,where?,1064,Function word,17,Cognition,aqc,arch1244,Nakh-Daghestanian,Daghestanian,Daghestanian%Nakh-Daghestanian,Daghestanian,Archi
340,0,0.5,1,337,5. no evidence for borrowing,unanalyzable,hani,16,Archi,451501,1144,what?,1062,Function word,17,Cognition,aqc,arch1244,Nakh-Daghestanian,Daghestanian,Daghestanian%Nakh-Daghestanian,Daghestanian,Archi
341,0,0.5,0.5,338,5. no evidence for borrowing,analyzable derived,hannut,16,Archi,452686,1147,which?,1065,Function word,17,Cognition,aqc,arch1244,Nakh-Daghestanian,Daghestanian,Daghestanian%Nakh-Daghestanian,Daghestanian,Archi
345,0.5,0.5,0.75,342,3. perhaps borrowed,semi-analyzable,hanžugur,16,Archi,450316,1141,how?,1059,Function word,17,Cognition,aqc,arch1244,Nakh-Daghestanian,Daghestanian,Daghestanian%Nakh-Daghestanian,Daghestanian,Archi
530,0,0.5,1,525,5. no evidence for borrowing,unanalyzable,kʷi,16,Archi,453081,1148,who?,1066,Function word,17,Cognition,aqc,arch1244,Nakh-Daghestanian,Daghestanian,Daghestanian%Nakh-Daghestanian,Daghestanian,Archi
927,0,0.5,1,919,5. no evidence for borrowing,unanalyzable,šumijtʼu,16,Archi,450711,1142,how many?,1060,Function word,17,Cognition,aqc,arch1244,Nakh-Daghestanian,Daghestanian,Daghestanian%Nakh-Daghestanian,Daghestanian,Archi
1816,0,0.5,1,1797,5. no evidence for borrowing,unanalyzable,ɬo,15,Bezhta,453080,1148,who?,4149,Function word,17,Cognition,kap,bezh1248,Nakh-Daghestanian,East Tsezic,East Tsezic%Tsezic%Avar-Andic-Tsezic%Daghestanian%Nakh-Daghestanian,Daghestanian,Bezhta
1958,0,0.5,1,1939,5. no evidence for borrowing,unanalyzable,nā,15,Bezhta,452290,1146,where?,4147,Function word,17,Cognition,kap,bezh1248,Nakh-Daghestanian,East Tsezic,East Tsezic%Tsezic%Avar-Andic-Tsezic%Daghestanian%Nakh-Daghestanian,Daghestanian,Bezhta
1976,0,0.5,1,1957,5. no evidence for borrowing,unanalyzable,niɣa,15,Bezhta,450315,1141,how?,4142,Function word,17,Cognition,kap,bezh1248,Nakh-Daghestanian,East Tsezic,East Tsezic%Tsezic%Avar-Andic-Tsezic%Daghestanian%Nakh-Daghestanian,Daghestanian,Bezhta
1986,0,0.5,1,1967,5. no evidence for borrowing,unanalyzable,nito,15,Bezhta,451895,1145,when?,4146,Function word,17,Cognition,kap,bezh1248,Nakh-Daghestanian,East Tsezic,East Tsezic%Tsezic%Avar-Andic-Tsezic%Daghestanian%Nakh-Daghestanian,Daghestanian,Bezhta
1989,0,0.5,1,1970,5. no evidence for borrowing,unanalyzable,nīyo,15,Bezhta,452685,1147,which?,4148,Function word,17,Cognition,kap,bezh1248,Nakh-Daghestanian,East Tsezic,East Tsezic%Tsezic%Avar-Andic-Tsezic%Daghestanian%Nakh-Daghestanian,Daghestanian,Bezhta
2231,0,0.5,1,2211,5. no evidence for borrowing,unanalyzable,siyo,15,Bezhta,451500,1144,what?,4145,Function word,17,Cognition,kap,bezh1248,Nakh-Daghestanian,East Tsezic,East Tsezic%Tsezic%Avar-Andic-Tsezic%Daghestanian%Nakh-Daghestanian,Daghestanian,Bezhta
2242,0,0.5,1,2222,5. no evidence for borrowing,unanalyzable,sud (1),15,Bezhta,453475,1149,why?,4150,Function word,17,Cognition,kap,bezh1248,Nakh-Daghestanian,East Tsezic,East Tsezic%Tsezic%Avar-Andic-Tsezic%Daghestanian%Nakh-Daghestanian,Daghestanian,Bezhta
2494,1,0.5,1,2472,1. clearly borrowed,unanalyzable,bapaʔ,26,Ceq Wong,450721,1142,how many?,5260,Function word,17,Cognition,NA,NA,NA,NA,NA,NA,NA
2527,0,0.5,0.5,2505,5. no evidence for borrowing,analyzable compound,biʔ ʔay,26,Ceq Wong,453091,1148,who?,5266,Function word,17,Cognition,NA,NA,NA,NA,NA,NA,NA
2591,0,0.5,1,2569,5. no evidence for borrowing,unanalyzable,cin,26,Ceq Wong,450326,1141,how?,5259,Function word,17,Cognition,NA,NA,NA,NA,NA,NA,NA
2608,0,0.5,1,2586,5. no evidence for borrowing,unanalyzable,coʔ (1),26,Ceq Wong,451511,1144,what?,5262,Function word,17,Cognition,NA,NA,NA,NA,NA,NA,NA
2610,0,0.5,0.5,2588,5. no evidence for borrowing,analyzable compound,coʔ ʔay,26,Ceq Wong,453486,1149,why?,5267,Function word,17,Cognition,NA,NA,NA,NA,NA,NA,NA
2707,0,0.5,1,2684,5. no evidence for borrowing,unanalyzable,hɑ̃n,26,Ceq Wong,452301,1146,where?,5264,Function word,17,Cognition,NA,NA,NA,NA,NA,NA,NA
3098,0,0.5,1,3074,5. no evidence for borrowing,unanalyzable,pon,26,Ceq Wong,451906,1145,when?,5263,Function word,17,Cognition,NA,NA,NA,NA,NA,NA,NA
3819,0,1,1,3789,5. no evidence for borrowing,unanalyzable,hoe,12,Dutch,450312,1141,how?,6689,Function word,17,Cognition,nld,dutc1256,Indo-European,Modern Dutch,Modern Dutch%Middle-Modern Dutch%Macro-Dutch%Low Franconian%Franconian%West Germanic%Northwest Germanic%Germanic%Indo-European,Germanic,Dutch
3824,0,1,0.5,3794,5. no evidence for borrowing,analyzable compound,hoeveel,12,Dutch,450707,1142,how many?,6690,Function word,17,Cognition,nld,dutc1256,Indo-European,Modern Dutch,Modern Dutch%Middle-Modern Dutch%Macro-Dutch%Low Franconian%Franconian%West Germanic%Northwest Germanic%Germanic%Indo-European,Germanic,Dutch
4738,0,1,1,4697,5. no evidence for borrowing,unanalyzable,waar (2),12,Dutch,452287,1146,where?,6694,Function word,17,Cognition,nld,dutc1256,Indo-European,Modern Dutch,Modern Dutch%Middle-Modern Dutch%Macro-Dutch%Low Franconian%Franconian%West Germanic%Northwest Germanic%Germanic%Indo-European,Germanic,Dutch
4739,0,1,0.5,4698,5. no evidence for borrowing,analyzable compound,waarom,12,Dutch,453472,1149,why?,6697,Function word,17,Cognition,nld,dutc1256,Indo-European,Modern Dutch,Modern Dutch%Middle-Modern Dutch%Macro-Dutch%Low Franconian%Franconian%West Germanic%Northwest Germanic%Germanic%Indo-European,Germanic,Dutch
4744,0,1,1,4703,5. no evidence for borrowing,unanalyzable,wanneer,12,Dutch,451892,1145,when?,6693,Function word,17,Cognition,nld,dutc1256,Indo-European,Modern Dutch,Modern Dutch%Middle-Modern Dutch%Macro-Dutch%Low Franconian%Franconian%West Germanic%Northwest Germanic%Germanic%Indo-European,Germanic,Dutch
4749,0,1,1,4708,5. no evidence for borrowing,unanalyzable,wat,12,Dutch,451497,1144,what?,6692,Function word,17,Cognition,nld,dutc1256,Indo-European,Modern Dutch,Modern Dutch%Middle-Modern Dutch%Macro-Dutch%Low Franconian%Franconian%West Germanic%Northwest Germanic%Germanic%Indo-European,Germanic,Dutch
4770,0,1,1,4729,5. no evidence for borrowing,unanalyzable,welke,12,Dutch,452682,1147,which?,6695,Function word,17,Cognition,nld,dutc1256,Indo-European,Modern Dutch,Modern Dutch%Middle-Modern Dutch%Macro-Dutch%Low Franconian%Franconian%West Germanic%Northwest Germanic%Germanic%Indo-European,Germanic,Dutch
4785,0,1,1,4744,5. no evidence for borrowing,unanalyzable,wie,12,Dutch,453077,1148,who?,6696,Function word,17,Cognition,nld,dutc1256,Indo-European,Modern Dutch,Modern Dutch%Middle-Modern Dutch%Macro-Dutch%Low Franconian%Franconian%West Germanic%Northwest Germanic%Germanic%Indo-European,Germanic,Dutch
5524,0,1,0.5,5476,5. no evidence for borrowing,analyzable compound,how many?,13,English,450708,1142,how many?,8217,Function word,17,Cognition,NA,NA,NA,NA,NA,NA,NA
5525,0,1,0.5,5477,5. no evidence for borrowing,analyzable compound,how much?,13,English,451103,1143,how much?,8218,Function word,17,Cognition,NA,NA,NA,NA,NA,NA,NA
5526,0,1,1,5478,5. no evidence for borrowing,unanalyzable,how?,13,English,450313,1141,how?,8216,Function word,17,Cognition,NA,NA,NA,NA,NA,NA,NA
6348,0,1,1,6287,5. no evidence for borrowing,unanalyzable,what?,13,English,451498,1144,what?,8219,Function word,17,Cognition,NA,NA,NA,NA,NA,NA,NA
6351,0,1,1,6290,5. no evidence for borrowing,unanalyzable,when?,13,English,451893,1145,when?,8220,Function word,17,Cognition,NA,NA,NA,NA,NA,NA,NA
6352,0,1,1,6291,5. no evidence for borrowing,unanalyzable,where?,13,English,452288,1146,where?,8221,Function word,17,Cognition,NA,NA,NA,NA,NA,NA,NA
6354,0,1,0.5,6293,5. no evidence for borrowing,analyzable phrasal,which?,13,English,452683,1147,which?,8222,Function word,17,Cognition,NA,NA,NA,NA,NA,NA,NA
6359,0,1,1,6298,5. no evidence for borrowing,unanalyzable,who?,13,English,453078,1148,who?,8223,Function word,17,Cognition,NA,NA,NA,NA,NA,NA,NA
6360,0,1,1,6299,5. no evidence for borrowing,unanalyzable,why?,13,English,453473,1149,why?,8224,Function word,17,Cognition,NA,NA,NA,NA,NA,NA,NA
6553,0,1,1,6489,5. no evidence for borrowing,unanalyzable,hunka,3,Gawwada,452673,1147,which?,9481,Function word,17,Cognition,gwd,gaww1239,Afro-Asiatic,Dullay,Dullay%Transversal Lowland East Cushitic%Southern Lowland East Cushitic%Lowland East Cushitic%East Cushitic%Cushitic%Afro-Asiatic,Cushitic,Gawwada
6785,0,1,1,6719,5. no evidence for borrowing,unanalyzable,meʔ,3,Gawwada,450698,1142,how many?,9476,Function word,17,Cognition,gwd,gaww1239,Afro-Asiatic,Dullay,Dullay%Transversal Lowland East Cushitic%Southern Lowland East Cushitic%Lowland East Cushitic%East Cushitic%Cushitic%Afro-Asiatic,Cushitic,Gawwada
6812,0,1,1,6746,5. no evidence for borrowing,unanalyzable,moʔo,3,Gawwada,451488,1144,what?,9478,Function word,17,Cognition,gwd,gaww1239,Afro-Asiatic,Dullay,Dullay%Transversal Lowland East Cushitic%Southern Lowland East Cushitic%Lowland East Cushitic%East Cushitic%Cushitic%Afro-Asiatic,Cushitic,Gawwada
6813,0,1,0.5,6747,5. no evidence for borrowing,analyzable derived,moʔo=nu,3,Gawwada,453463,1149,why?,9483,Function word,17,Cognition,gwd,gaww1239,Afro-Asiatic,Dullay,Dullay%Transversal Lowland East Cushitic%Southern Lowland East Cushitic%Lowland East Cushitic%East Cushitic%Cushitic%Afro-Asiatic,Cushitic,Gawwada
6851,0,1,1,6783,5. no evidence for borrowing,unanalyzable,para,3,Gawwada,451883,1145,when?,9479,Function word,17,Cognition,gwd,gaww1239,Afro-Asiatic,Dullay,Dullay%Transversal Lowland East Cushitic%Southern Lowland East Cushitic%Lowland East Cushitic%East Cushitic%Cushitic%Afro-Asiatic,Cushitic,Gawwada
7210,0,1,1,7140,5. no evidence for borrowing,unanalyzable,yaha,3,Gawwada,453068,1148,who?,9482,Function word,17,Cognition,gwd,gaww1239,Afro-Asiatic,Dullay,Dullay%Transversal Lowland East Cushitic%Southern Lowland East Cushitic%Lowland East Cushitic%East Cushitic%Cushitic%Afro-Asiatic,Cushitic,Gawwada
7274,0,1,1,7203,5. no evidence for borrowing,unanalyzable,ʔaxa,3,Gawwada,452278,1146,where?,9480,Function word,17,Cognition,gwd,gaww1239,Afro-Asiatic,Dullay,Dullay%Transversal Lowland East Cushitic%Southern Lowland East Cushitic%Lowland East Cushitic%East Cushitic%Cushitic%Afro-Asiatic,Cushitic,Gawwada
7837,0,0.5,1,7758,5. no evidence for borrowing,unanalyzable,ngana,31,Gurindji,453096,1148,who?,10532,Function word,17,Cognition,NA,NA,NA,NA,NA,NA,NA
7903,0,0.5,1,7823,5. no evidence for borrowing,unanalyzable,nyampa,31,Gurindji,451516,1144,what?,10528,Function word,17,Cognition,NA,NA,NA,NA,NA,NA,NA
7904,0,0.5,0.5,7824,5. no evidence for borrowing,analyzable derived,nyampawu,31,Gurindji,453491,1149,why?,10533,Function word,17,Cognition,NA,NA,NA,NA,NA,NA,NA
7909,0.25,0.5,1,7829,4. very little evidence for borrowing,unanalyzable,nyangurla,31,Gurindji,451911,1145,when?,10529,Function word,17,Cognition,NA,NA,NA,NA,NA,NA,NA
7912,0,0.5,0.75,7832,5. no evidence for borrowing,semi-analyzable,nyatjang,31,Gurindji,450726,1142,how many?,10526,Function word,17,Cognition,NA,NA,NA,NA,NA,NA,NA
7913,0,0.5,0.75,7833,5. no evidence for borrowing,semi-analyzable,nyatpa,31,Gurindji,450331,1141,how?,10525,Function word,17,Cognition,NA,NA,NA,NA,NA,NA,NA
8124,0,0.5,1,8043,5. no evidence for borrowing,unanalyzable,wanyji,31,Gurindji,452701,1147,which?,10531,Function word,17,Cognition,NA,NA,NA,NA,NA,NA,NA
8125,0,0.5,0.5,8044,5. no evidence for borrowing,analyzable derived,wanyjika,31,Gurindji,452306,1146,where?,10530,Function word,17,Cognition,NA,NA,NA,NA,NA,NA,NA
8519,0,1,0.5,8432,5. no evidence for borrowing,analyzable phrasal,dón mèe,4,Hausa,453464,1149,why?,12050,Function word,17,Cognition,hau,haus1257,Afro-Asiatic,West Chadic A A.1,West Chadic A A.1%West Chadic A%West Chadic%Chadic%Afro-Asiatic,Chadic,Hausa
8783,0,1,1,8694,5. no evidence for borrowing,unanalyzable,ìnaa,4,Hausa,452279,1146,where?,12047,Function word,17,Cognition,hau,haus1257,Afro-Asiatic,West Chadic A A.1,West Chadic A A.1%West Chadic A%West Chadic%Chadic%Afro-Asiatic,Chadic,Hausa
9229,0,1,1,9132,5. no evidence for borrowing,unanalyzable,mèe,4,Hausa,451489,1144,what?,12045,Function word,17,Cognition,hau,haus1257,Afro-Asiatic,West Chadic A A.1,West Chadic A A.1%West Chadic A%West Chadic%Chadic%Afro-Asiatic,Chadic,Hausa
9267,0.75,1,1,9170,2. probably borrowed,unanalyzable,náwà,4,Hausa,450699,1142,how many?,12043,Function word,17,Cognition,hau,haus1257,Afro-Asiatic,West Chadic A A.1,West Chadic A A.1%West Chadic A%West Chadic%Chadic%Afro-Asiatic,Chadic,Hausa
9561,0,1,1,9460,5. no evidence for borrowing,unanalyzable,wàa,4,Hausa,453069,1148,who?,12049,Function word,17,Cognition,hau,haus1257,Afro-Asiatic,West Chadic A A.1,West Chadic A A.1%West Chadic A%West Chadic%Chadic%Afro-Asiatic,Chadic,Hausa
9573,0,1,1,9472,5. no evidence for borrowing,unanalyzable,wànè,4,Hausa,452674,1147,which?,12048,Function word,17,Cognition,hau,haus1257,Afro-Asiatic,West Chadic A A.1,West Chadic A A.1%West Chadic A%West Chadic%Chadic%Afro-Asiatic,Chadic,Hausa
9601,0,1,1,9500,5. no evidence for borrowing,unanalyzable,yàayàa,4,Hausa,450304,1141,how?,12042,Function word,17,Cognition,hau,haus1257,Afro-Asiatic,West Chadic A A.1,West Chadic A A.1%West Chadic A%West Chadic%Chadic%Afro-Asiatic,Chadic,Hausa
9625,0,1,1,9523,5. no evidence for borrowing,unanalyzable,yàushè,4,Hausa,451884,1145,when?,12046,Function word,17,Cognition,hau,haus1257,Afro-Asiatic,West Chadic A A.1,West Chadic A A.1%West Chadic A%West Chadic%Chadic%Afro-Asiatic,Chadic,Hausa
9743,0,1,1,9640,5. no evidence for borrowing,unanalyzable,aha,30,Hawaiian,451515,1144,what?,13563,Function word,17,Cognition,haw,hawa1245,Austronesian,Central East Nuclear Polynesian,Central East Nuclear Polynesian%East Nuclear Polynesian%Ellicean%Nuclear Polynesian%Polynesian%East Fijian-Polynesian%Central Pacific%Oceanic%Eastern Malayo-Polynesian%Central-Eastern Malayo-Polynesian%Malayo-Polynesian%Nuclear Austronesian%Austronesian,Nuclear Austronesian,Hawaiian
9745,0,1,0.75,9642,5. no evidence for borrowing,semi-analyzable,āhea,30,Hawaiian,451910,1145,when?,13564,Function word,17,Cognition,haw,hawa1245,Austronesian,Central East Nuclear Polynesian,Central East Nuclear Polynesian%East Nuclear Polynesian%Ellicean%Nuclear Polynesian%Polynesian%East Fijian-Polynesian%Central Pacific%Oceanic%Eastern Malayo-Polynesian%Central-Eastern Malayo-Polynesian%Malayo-Polynesian%Nuclear Austronesian%Austronesian,Nuclear Austronesian,Hawaiian
9834,0,1,1,9730,5. no evidence for borrowing,unanalyzable,`ehia,30,Hawaiian,450725,1142,how many?,13561,Function word,17,Cognition,haw,hawa1245,Austronesian,Central East Nuclear Polynesian,Central East Nuclear Polynesian%East Nuclear Polynesian%Ellicean%Nuclear Polynesian%Polynesian%East Fijian-Polynesian%Central Pacific%Oceanic%Eastern Malayo-Polynesian%Central-Eastern Malayo-Polynesian%Malayo-Polynesian%Nuclear Austronesian%Austronesian,Nuclear Austronesian,Hawaiian
9908,0,1,1,9804,5. no evidence for borrowing,unanalyzable,hea (1),30,Hawaiian,452305,1146,where?,13566,Function word,17,Cognition,haw,hawa1245,Austronesian,Central East Nuclear Polynesian,Central East Nuclear Polynesian%East Nuclear Polynesian%Ellicean%Nuclear Polynesian%Polynesian%East Fijian-Polynesian%Central Pacific%Oceanic%Eastern Malayo-Polynesian%Central-Eastern Malayo-Polynesian%Malayo-Polynesian%Nuclear Austronesian%Austronesian,Nuclear Austronesian,Hawaiian
10081,0,1,0.75,9976,5. no evidence for borrowing,semi-analyzable,ināhea,30,Hawaiian,451910,1145,when?,13565,Function word,17,Cognition,haw,hawa1245,Austronesian,Central East Nuclear Polynesian,Central East Nuclear Polynesian%East Nuclear Polynesian%Ellicean%Nuclear Polynesian%Polynesian%East Fijian-Polynesian%Central Pacific%Oceanic%Eastern Malayo-Polynesian%Central-Eastern Malayo-Polynesian%Malayo-Polynesian%Nuclear Austronesian%Austronesian,Nuclear Austronesian,Hawaiian
10817,0,1,1,10703,5. no evidence for borrowing,unanalyzable,pehea,30,Hawaiian,450330,1141,how?,13560,Function word,17,Cognition,haw,hawa1245,Austronesian,Central East Nuclear Polynesian,Central East Nuclear Polynesian%East Nuclear Polynesian%Ellicean%Nuclear Polynesian%Polynesian%East Fijian-Polynesian%Central Pacific%Oceanic%Eastern Malayo-Polynesian%Central-Eastern Malayo-Polynesian%Malayo-Polynesian%Nuclear Austronesian%Austronesian,Nuclear Austronesian,Hawaiian
11017,0,1,1,10899,5. no evidence for borrowing,unanalyzable,wai (2),30,Hawaiian,453095,1148,who?,13568,Function word,17,Cognition,haw,hawa1245,Austronesian,Central East Nuclear Polynesian,Central East Nuclear Polynesian%East Nuclear Polynesian%Ellicean%Nuclear Polynesian%Polynesian%East Fijian-Polynesian%Central Pacific%Oceanic%Eastern Malayo-Polynesian%Central-Eastern Malayo-Polynesian%Malayo-Polynesian%Nuclear Austronesian%Austronesian,Nuclear Austronesian,Hawaiian
11384,0,0.5,0.5,11260,5. no evidence for borrowing,analyzable derived,hɨ̃cóʔ,39,Hup,452314,1146,where?,14900,Function word,17,Cognition,NA,NA,NA,NA,NA,NA,NA
11386,0,0.5,0.75,11262,5. no evidence for borrowing,semi-analyzable,hɨ̃kán,39,Hup,452314,1146,where?,14901,Function word,17,Cognition,NA,NA,NA,NA,NA,NA,NA
11387,0,0.5,0.5,11263,5. no evidence for borrowing,analyzable derived,hɨ̃m’ǽ,39,Hup,451129,1143,how much?,14897,Function word,17,Cognition,NA,NA,NA,NA,NA,NA,NA
11390,0,0.5,0.5,11264,5. no evidence for borrowing,analyzable derived,hɨ̃n’ɨ̌h,39,Hup,451524,1144,what?,14898,Function word,17,Cognition,NA,NA,NA,NA,NA,NA,NA
11391,0,0.5,0.5,11265,5. no evidence for borrowing,analyzable derived,hɨnɨykeyóʔ,39,Hup,453499,1149,why?,14904,Function word,17,Cognition,NA,NA,NA,NA,NA,NA,NA
11392,0,0.5,0.75,11266,5. no evidence for borrowing,semi-analyzable,hɨ̃p,39,Hup,450339,1141,how?,14895,Function word,17,Cognition,NA,NA,NA,NA,NA,NA,NA
11394,0,0.5,0.5,11268,5. no evidence for borrowing,analyzable derived,hɨ̃ʔap,39,Hup,450734,1142,how many?,14896,Function word,17,Cognition,NA,NA,NA,NA,NA,NA,NA
12052,0,0.5,1,11921,5. no evidence for borrowing,unanalyzable,ʔǔy,39,Hup,453104,1148,who?,14903,Function word,17,Cognition,NA,NA,NA,NA,NA,NA,NA
12316,0,1,1,12183,5. no evidence for borrowing,unanalyzable,ima,37,Imbabura Quechua,451522,1144,what?,16167,Function word,17,Cognition,NA,NA,NA,NA,NA,NA,NA
12317,0,1,0.5,12184,5. no evidence for borrowing,analyzable phrasal,ima nishpa,37,Imbabura Quechua,453497,1149,why?,16172,Function word,17,Cognition,NA,NA,NA,NA,NA,NA,NA
12318,0,1,0.5,12185,5. no evidence for borrowing,analyzable compound,ima pacha,37,Imbabura Quechua,451917,1145,when?,16168,Function word,17,Cognition,NA,NA,NA,NA,NA,NA,NA
12319,0,1,0.75,12186,5. no evidence for borrowing,semi-analyzable,imashina,37,Imbabura Quechua,450337,1141,how?,16164,Function word,17,Cognition,NA,NA,NA,NA,NA,NA,NA
12672,0,1,1,12536,5. no evidence for borrowing,unanalyzable,mashna (1),37,Imbabura Quechua,450732,1142,how many?,16165,Function word,17,Cognition,NA,NA,NA,NA,NA,NA,NA
12673,0,1,1,12537,5. no evidence for borrowing,unanalyzable,mashna (2),37,Imbabura Quechua,451127,1143,how much?,16166,Function word,17,Cognition,NA,NA,NA,NA,NA,NA,NA
12675,0,1,1,12539,5. no evidence for borrowing,unanalyzable,may,37,Imbabura Quechua,452312,1146,where?,16169,Function word,17,Cognition,NA,NA,NA,NA,NA,NA,NA
12676,0,1,1,12540,5. no evidence for borrowing,unanalyzable,mayjan,37,Imbabura Quechua,452707,1147,which?,16170,Function word,17,Cognition,NA,NA,NA,NA,NA,NA,NA
12795,0,1,1,12657,5. no evidence for borrowing,unanalyzable,pi,37,Imbabura Quechua,453102,1148,who?,16171,Function word,17,Cognition,NA,NA,NA,NA,NA,NA,NA
13292,0,1,1,13149,5. no evidence for borrowing,unanalyzable,apa,27,Indonesian,451512,1144,what?,18050,Function word,17,Cognition,ind,indo1316,Austronesian,Indonesian Archipelago Malay,Indonesian Archipelago Malay%Nuclear Malayic%Malayic%North and East Malayo-Sumbawan%Malayo-Sumbawan%Malayo-Polynesian%Nuclear Austronesian%Austronesian,Nuclear Austronesian,Indonesian
13317,0,1,0.5,13174,5. no evidence for borrowing,analyzable compound,bagaimana,27,Indonesian,450327,1141,how?,18047,Function word,17,Cognition,ind,indo1316,Austronesian,Indonesian Archipelago Malay,Indonesian Archipelago Malay%Nuclear Malayic%Malayic%North and East Malayo-Sumbawan%Malayo-Sumbawan%Malayo-Polynesian%Nuclear Austronesian%Austronesian,Nuclear Austronesian,Indonesian
13394,0,1,0.75,13250,5. no evidence for borrowing,semi-analyzable,berapa,27,Indonesian,450722,1142,how many?,18048,Function word,17,Cognition,ind,indo1316,Austronesian,Indonesian Archipelago Malay,Indonesian Archipelago Malay%Nuclear Malayic%Malayic%North and East Malayo-Sumbawan%Malayo-Sumbawan%Malayo-Polynesian%Nuclear Austronesian%Austronesian,Nuclear Austronesian,Indonesian
13473,1,1,1,13328,1. clearly borrowed,unanalyzable,bila,27,Indonesian,451907,1145,when?,18052,Function word,17,Cognition,ind,indo1316,Austronesian,Indonesian Archipelago Malay,Indonesian Archipelago Malay%Nuclear Malayic%Malayic%North and East Malayo-Sumbawan%Malayo-Sumbawan%Malayo-Polynesian%Nuclear Austronesian%Austronesian,Nuclear Austronesian,Indonesian
13633,0,1,0.5,13487,5. no evidence for borrowing,analyzable compound,(di) mana,27,Indonesian,452302,1146,where?,18053,Function word,17,Cognition,ind,indo1316,Austronesian,Indonesian Archipelago Malay,Indonesian Archipelago Malay%Nuclear Malayic%Malayic%North and East Malayo-Sumbawan%Malayo-Sumbawan%Malayo-Polynesian%Nuclear Austronesian%Austronesian,Nuclear Austronesian,Indonesian
13882,1,0.9,1,13734,1. clearly borrowed,unanalyzable,kapan,27,Indonesian,451907,1145,when?,18051,Function word,17,Cognition,ind,indo1316,Austronesian,Indonesian Archipelago Malay,Indonesian Archipelago Malay%Nuclear Malayic%Malayic%North and East Malayo-Sumbawan%Malayo-Sumbawan%Malayo-Polynesian%Nuclear Austronesian%Austronesian,Nuclear Austronesian,Indonesian
13955,0,1,0.75,13806,5. no evidence for borrowing,semi-analyzable,kenapa,27,Indonesian,453487,1149,why?,18057,Function word,17,Cognition,ind,indo1316,Austronesian,Indonesian Archipelago Malay,Indonesian Archipelago Malay%Nuclear Malayic%Malayic%North and East Malayo-Sumbawan%Malayo-Sumbawan%Malayo-Polynesian%Nuclear Austronesian%Austronesian,Nuclear Austronesian,Indonesian
14357,0,1,1,14206,5. no evidence for borrowing,unanalyzable,mengapa,27,Indonesian,453487,1149,why?,18056,Function word,17,Cognition,ind,indo1316,Austronesian,Indonesian Archipelago Malay,Indonesian Archipelago Malay%Nuclear Malayic%Malayic%North and East Malayo-Sumbawan%Malayo-Sumbawan%Malayo-Polynesian%Nuclear Austronesian%Austronesian,Nuclear Austronesian,Indonesian
14958,0,1,1,14798,5. no evidence for borrowing,unanalyzable,siapa,27,Indonesian,453092,1148,who?,18055,Function word,17,Cognition,ind,indo1316,Austronesian,Indonesian Archipelago Malay,Indonesian Archipelago Malay%Nuclear Malayic%Malayic%North and East Malayo-Sumbawan%Malayo-Sumbawan%Malayo-Polynesian%Nuclear Austronesian%Austronesian,Nuclear Austronesian,Indonesian
15208,0,1,0.5,15044,5. no evidence for borrowing,analyzable compound,(yang) mana,27,Indonesian,452697,1147,which?,18054,Function word,17,Cognition,ind,indo1316,Austronesian,Indonesian Archipelago Malay,Indonesian Archipelago Malay%Nuclear Malayic%Malayic%North and East Malayo-Sumbawan%Malayo-Sumbawan%Malayo-Polynesian%Nuclear Austronesian%Austronesian,Nuclear Austronesian,Indonesian
15266,0,0.5,1,15102,5. no evidence for borrowing,unanalyzable,amá,2,Iraqw,452277,1146,where?,19495,Function word,17,Cognition,irk,iraq1241,Afro-Asiatic,Iraqw-Gorowa,Iraqw-Gorowa%Northern West Rift South Cushitic%West Rift South Cushitic%South Cushitic%Cushitic%Afro-Asiatic,Cushitic,Iraqw
15285,0,0.5,0.5,15121,5. no evidence for borrowing,analyzable phrasal,asma milá,2,Iraqw,453462,1149,why?,19498,Function word,17,Cognition,irk,iraq1241,Afro-Asiatic,Iraqw-Gorowa,Iraqw-Gorowa%Northern West Rift South Cushitic%West Rift South Cushitic%South Cushitic%Cushitic%Afro-Asiatic,Cushitic,Iraqw
15515,0,0.5,1,15349,5. no evidence for borrowing,unanalyzable,gaalá,2,Iraqw,452672,1147,which?,19496,Function word,17,Cognition,irk,iraq1241,Afro-Asiatic,Iraqw-Gorowa,Iraqw-Gorowa%Northern West Rift South Cushitic%West Rift South Cushitic%South Cushitic%Cushitic%Afro-Asiatic,Cushitic,Iraqw
15631,0,0.5,0.5,15464,5. no evidence for borrowing,analyzable derived,heemá,2,Iraqw,453067,1148,who?,19497,Function word,17,Cognition,irk,iraq1241,Afro-Asiatic,Iraqw-Gorowa,Iraqw-Gorowa%Northern West Rift South Cushitic%West Rift South Cushitic%South Cushitic%Cushitic%Afro-Asiatic,Cushitic,Iraqw
15688,0,0.5,0.5,15521,5. no evidence for borrowing,analyzable derived,idoomá,2,Iraqw,450302,1141,how?,19490,Function word,17,Cognition,irk,iraq1241,Afro-Asiatic,Iraqw-Gorowa,Iraqw-Gorowa%Northern West Rift South Cushitic%West Rift South Cushitic%South Cushitic%Cushitic%Afro-Asiatic,Cushitic,Iraqw
15875,0,NA,1,15704,5. no evidence for borrowing,unanalyzable,magá',2,Iraqw,450697,1142,how many?,19491,Function word,17,Cognition,irk,iraq1241,Afro-Asiatic,Iraqw-Gorowa,Iraqw-Gorowa%Northern West Rift South Cushitic%West Rift South Cushitic%South Cushitic%Cushitic%Afro-Asiatic,Cushitic,Iraqw
15915,0,NA,1,15743,5. no evidence for borrowing,unanalyzable,milá,2,Iraqw,451487,1144,what?,19493,Function word,17,Cognition,irk,iraq1241,Afro-Asiatic,Iraqw-Gorowa,Iraqw-Gorowa%Northern West Rift South Cushitic%West Rift South Cushitic%South Cushitic%Cushitic%Afro-Asiatic,Cushitic,Iraqw
16311,0,0.5,1,16133,5. no evidence for borrowing,unanalyzable,xaylá,2,Iraqw,451882,1145,when?,19494,Function word,17,Cognition,irk,iraq1241,Afro-Asiatic,Iraqw-Gorowa,Iraqw-Gorowa%Northern West Rift South Cushitic%West Rift South Cushitic%South Cushitic%Cushitic%Afro-Asiatic,Cushitic,Iraqw
16559,0,1,1,16377,5. no evidence for borrowing,unanalyzable,dare,21,Japanese,453086,1148,who?,21460,Function word,17,Cognition,NA,NA,NA,NA,NA,NA,NA
16573,0,0.9,1,16391,5. no evidence for borrowing,unanalyzable,dō (2),21,Japanese,450321,1141,how?,21451,Function word,17,Cognition,NA,NA,NA,NA,NA,NA,NA
16579,0,1,0.75,16396,5. no evidence for borrowing,semi-analyzable,doko,21,Japanese,452296,1146,where?,21457,Function word,17,Cognition,NA,NA,NA,NA,NA,NA,NA
16587,0,1,0.75,16404,5. no evidence for borrowing,semi-analyzable,dono,21,Japanese,452691,1147,which?,21458,Function word,17,Cognition,NA,NA,NA,NA,NA,NA,NA
16589,0,1,1,16406,5. no evidence for borrowing,unanalyzable,dore,21,Japanese,452691,1147,which?,21459,Function word,17,Cognition,NA,NA,NA,NA,NA,NA,NA
16595,0,0.9,0.5,16412,5. no evidence for borrowing,analyzable phrasal,dōshite,21,Japanese,453481,1149,why?,21462,Function word,17,Cognition,NA,NA,NA,NA,NA,NA,NA
16906,0,1,0.5,16723,5. no evidence for borrowing,analyzable derived,ikura,21,Japanese,451111,1143,how much?,21453,Function word,17,Cognition,NA,NA,NA,NA,NA,NA,NA
16908,0,1,0.5,16725,5. no evidence for borrowing,analyzable derived,ikutsu,21,Japanese,450716,1142,how many?,21452,Function word,17,Cognition,NA,NA,NA,NA,NA,NA,NA
16941,0,1,1,16758,5. no evidence for borrowing,unanalyzable,itsu,21,Japanese,451901,1145,when?,21455,Function word,17,Cognition,NA,NA,NA,NA,NA,NA,NA
17526,0,1,1,17337,5. no evidence for borrowing,unanalyzable,nani,21,Japanese,451506,1144,what?,21454,Function word,17,Cognition,NA,NA,NA,NA,NA,NA,NA
17528,0,0.8,0.5,17339,5. no evidence for borrowing,analyzable derived,nanji,21,Japanese,451901,1145,when?,21456,Function word,17,Cognition,NA,NA,NA,NA,NA,NA,NA
17539,0,1,0.75,17350,5. no evidence for borrowing,semi-analyzable,naze,21,Japanese,453481,1149,why?,21461,Function word,17,Cognition,NA,NA,NA,NA,NA,NA,NA
18709,0,0.5,1,18510,5. no evidence for borrowing,unanalyzable,ɨnewala,38,Kali'na,450338,1141,how?,22972,Function word,17,Cognition,NA,NA,NA,NA,NA,NA,NA
18973,0,1,0.5,18773,5. no evidence for borrowing,analyzable phrasal,nokɨ ko,38,Kali'na,452708,1147,which?,22978,Function word,17,Cognition,NA,NA,NA,NA,NA,NA,NA
19029,0,0.5,0.5,18829,5. no evidence for borrowing,analyzable phrasal,otɨ ko,38,Kali'na,451523,1144,what?,22975,Function word,17,Cognition,NA,NA,NA,NA,NA,NA,NA
19030,0,0.5,0.5,18830,5. no evidence for borrowing,analyzable phrasal,otɨ yako,38,Kali'na,451918,1145,when?,22976,Function word,17,Cognition,NA,NA,NA,NA,NA,NA,NA
19032,0,0.5,1,18832,5. no evidence for borrowing,unanalyzable,otolo,38,Kali'na,450733,1142,how many?,22973,Function word,17,Cognition,NA,NA,NA,NA,NA,NA,NA
19034,0,0.5,1,18834,5. no evidence for borrowing,unanalyzable,otonome,38,Kali'na,453498,1149,why?,22980,Function word,17,Cognition,NA,NA,NA,NA,NA,NA,NA
19036,0,0.5,1,18836,5. no evidence for borrowing,unanalyzable,owe,38,Kali'na,452313,1146,where?,22977,Function word,17,Cognition,NA,NA,NA,NA,NA,NA,NA
19549,0,1,1,19345,5. no evidence for borrowing,unanalyzable,àbí,5,Kanuri,451490,1144,what?,24505,Function word,17,Cognition,NA,NA,NA,NA,NA,NA,NA
19550,0,1,0.5,19346,5. no evidence for borrowing,analyzable phrasal,àbígǎìnyìn,5,Kanuri,450305,1141,how?,24502,Function word,17,Cognition,NA,NA,NA,NA,NA,NA,NA
19552,0,1,0.5,19348,5. no evidence for borrowing,analyzable derived,àbírò,5,Kanuri,453465,1149,why?,24510,Function word,17,Cognition,NA,NA,NA,NA,NA,NA,NA
19913,0,1,1,19706,5. no evidence for borrowing,unanalyzable,fí,5,Kanuri,452675,1147,which?,24508,Function word,17,Cognition,NA,NA,NA,NA,NA,NA,NA
20522,0,1,0.75,20310,5. no evidence for borrowing,semi-analyzable,ndárân,5,Kanuri,452280,1146,where?,24507,Function word,17,Cognition,NA,NA,NA,NA,NA,NA,NA
20523,0,1,1,20311,5. no evidence for borrowing,unanalyzable,ndàwú,5,Kanuri,450700,1142,how many?,24503,Function word,17,Cognition,NA,NA,NA,NA,NA,NA,NA
20524,0,1,0.5,20312,5. no evidence for borrowing,analyzable derived,ndàwûn,5,Kanuri,451095,1143,how much?,24504,Function word,17,Cognition,NA,NA,NA,NA,NA,NA,NA
20530,0,1,1,20318,5. no evidence for borrowing,unanalyzable,ndú,5,Kanuri,453070,1148,who?,24509,Function word,17,Cognition,NA,NA,NA,NA,NA,NA,NA
20696,0,1,0.75,20481,5. no evidence for borrowing,semi-analyzable,sàmbí,5,Kanuri,451885,1145,when?,24506,Function word,17,Cognition,NA,NA,NA,NA,NA,NA,NA
20985,0,0.7,1,20770,5. no evidence for borrowing,unanalyzable,akus,18,Ket,451503,1144,what?,25875,Function word,17,Cognition,ket,kett1243,Yeniseian,Northern Yeniseian,Northern Yeniseian%Yeniseian,Northern Yeniseian,Ket
21001,0,0.7,1,20786,5. no evidence for borrowing,unanalyzable,an,18,Ket,453478,1149,why?,25884,Function word,17,Cognition,ket,kett1243,Yeniseian,Northern Yeniseian,Northern Yeniseian%Yeniseian,Northern Yeniseian,Ket
21002,0,0.7,1,20787,5. no evidence for borrowing,unanalyzable,ana,18,Ket,453083,1148,who?,25881,Function word,17,Cognition,ket,kett1243,Yeniseian,Northern Yeniseian,Northern Yeniseian%Yeniseian,Northern Yeniseian,Ket
21011,0,0.7,1,20796,5. no evidence for borrowing,unanalyzable,anun (2),18,Ket,450713,1142,how many?,25873,Function word,17,Cognition,ket,kett1243,Yeniseian,Northern Yeniseian,Northern Yeniseian%Yeniseian,Northern Yeniseian,Ket
21036,0,0.7,1,20821,5. no evidence for borrowing,unanalyzable,ases,18,Ket,452688,1147,which?,25880,Function word,17,Cognition,ket,kett1243,Yeniseian,Northern Yeniseian,Northern Yeniseian%Yeniseian,Northern Yeniseian,Ket
21037,0,0.7,1,20822,5. no evidence for borrowing,unanalyzable,aska,18,Ket,451898,1145,when?,25876,Function word,17,Cognition,ket,kett1243,Yeniseian,Northern Yeniseian,Northern Yeniseian%Yeniseian,Northern Yeniseian,Ket
21043,0,0.7,1,20828,5. no evidence for borrowing,unanalyzable,"at, atn",18,Ket,453478,1149,why?,25885,Function word,17,Cognition,ket,kett1243,Yeniseian,Northern Yeniseian,Northern Yeniseian%Yeniseian,Northern Yeniseian,Ket
21081,0,0.7,1,20866,5. no evidence for borrowing,unanalyzable,besa,18,Ket,453083,1148,who?,25883,Function word,17,Cognition,ket,kett1243,Yeniseian,Northern Yeniseian,Northern Yeniseian%Yeniseian,Northern Yeniseian,Ket
21104,0,0.7,1,20888,5. no evidence for borrowing,unanalyzable,bila,18,Ket,450318,1141,how?,25872,Function word,17,Cognition,ket,kett1243,Yeniseian,Northern Yeniseian,Northern Yeniseian%Yeniseian,Northern Yeniseian,Ket
21105,0,0.7,0.75,20889,5. no evidence for borrowing,semi-analyzable,biles,18,Ket,452293,1146,where?,25877,Function word,17,Cognition,ket,kett1243,Yeniseian,Northern Yeniseian,Northern Yeniseian%Yeniseian,Northern Yeniseian,Ket
21106,0,0.7,0.5,20890,5. no evidence for borrowing,analyzable derived,biltan,18,Ket,452293,1146,where?,25878,Function word,17,Cognition,ket,kett1243,Yeniseian,Northern Yeniseian,Northern Yeniseian%Yeniseian,Northern Yeniseian,Ket
21114,0,0.7,0.75,20898,5. no evidence for borrowing,semi-analyzable,biseŋ,18,Ket,452293,1146,where?,25879,Function word,17,Cognition,ket,kett1243,Yeniseian,Northern Yeniseian,Northern Yeniseian%Yeniseian,Northern Yeniseian,Ket
21119,0,0.7,1,20903,5. no evidence for borrowing,unanalyzable,bitsa,18,Ket,453083,1148,who?,25882,Function word,17,Cognition,ket,kett1243,Yeniseian,Northern Yeniseian,Northern Yeniseian%Yeniseian,Northern Yeniseian,Ket
22312,0,1,0.75,22082,5. no evidence for borrowing,semi-analyzable,kas’t,14,Kildin Saami,452289,1146,where?,27275,Function word,17,Cognition,NA,NA,NA,NA,NA,NA,NA
22320,0,1,1,22090,5. no evidence for borrowing,unanalyzable,kē,14,Kildin Saami,453079,1148,who?,27277,Function word,17,Cognition,NA,NA,NA,NA,NA,NA,NA
22325,0,1,1,22095,5. no evidence for borrowing,unanalyzable,kegk,14,Kildin Saami,453079,1148,who?,27278,Function word,17,Cognition,NA,NA,NA,NA,NA,NA,NA
22416,0,1,1,22184,5. no evidence for borrowing,unanalyzable,kōxxt,14,Kildin Saami,450314,1141,how?,27269,Function word,17,Cognition,NA,NA,NA,NA,NA,NA,NA
22446,0,0.5,1,22214,5. no evidence for borrowing,unanalyzable,kuess’,14,Kildin Saami,451894,1145,when?,27274,Function word,17,Cognition,NA,NA,NA,NA,NA,NA,NA
22579,0,0.5,1,22344,5. no evidence for borrowing,unanalyzable,man’te,14,Kildin Saami,452684,1147,which?,27276,Function word,17,Cognition,NA,NA,NA,NA,NA,NA,NA
22597,0,1,1,22362,5. no evidence for borrowing,unanalyzable,megk,14,Kildin Saami,451499,1144,what?,27273,Function word,17,Cognition,NA,NA,NA,NA,NA,NA,NA
22598,0,0.5,1,22363,5. no evidence for borrowing,unanalyzable,mejt,14,Kildin Saami,453474,1149,why?,27279,Function word,17,Cognition,NA,NA,NA,NA,NA,NA,NA
22599,0,0.5,0.5,22364,5. no evidence for borrowing,analyzable compound,mēnn-vier’t,14,Kildin Saami,450709,1142,how many?,27270,Function word,17,Cognition,NA,NA,NA,NA,NA,NA,NA
22601,0,1,1,22366,5. no evidence for borrowing,unanalyzable,mī,14,Kildin Saami,451499,1144,what?,27272,Function word,17,Cognition,NA,NA,NA,NA,NA,NA,NA
23498,0,1,1,23254,5. no evidence for borrowing,unanalyzable,chto?,10,Lower Sorbian,453075,1148,who?,28962,Function word,17,Cognition,dsb,lowe1385,Indo-European,Sorbian,Sorbian%West Slavic%Slavic%Balto-Slavic%Indo-European,Balto-Slavic,Lower Sorbian
23507,0,1,1,23263,5. no evidence for borrowing,unanalyzable,co?,10,Lower Sorbian,451495,1144,what?,28958,Function word,17,Cognition,dsb,lowe1385,Indo-European,Sorbian,Sorbian%West Slavic%Slavic%Balto-Slavic%Indo-European,Balto-Slavic,Lower Sorbian
23508,0,1,0.5,23264,5. no evidence for borrowing,analyzable compound,cogodla?,10,Lower Sorbian,453470,1149,why?,28963,Function word,17,Cognition,dsb,lowe1385,Indo-European,Sorbian,Sorbian%West Slavic%Slavic%Balto-Slavic%Indo-European,Balto-Slavic,Lower Sorbian
23620,0,1,1,23375,5. no evidence for borrowing,unanalyzable,ga?,10,Lower Sorbian,451890,1145,when?,28959,Function word,17,Cognition,dsb,lowe1385,Indo-European,Sorbian,Sorbian%West Slavic%Slavic%Balto-Slavic%Indo-European,Balto-Slavic,Lower Sorbian
23773,0,1,1,23526,5. no evidence for borrowing,unanalyzable,kak?,10,Lower Sorbian,450310,1141,how?,28955,Function word,17,Cognition,dsb,lowe1385,Indo-European,Sorbian,Sorbian%West Slavic%Slavic%Balto-Slavic%Indo-European,Balto-Slavic,Lower Sorbian
23853,0,1,1,23605,5. no evidence for borrowing,unanalyzable,kótary?,10,Lower Sorbian,452680,1147,which?,28961,Function word,17,Cognition,dsb,lowe1385,Indo-European,Sorbian,Sorbian%West Slavic%Slavic%Balto-Slavic%Indo-European,Balto-Slavic,Lower Sorbian
24796,0,1,1,24536,5. no evidence for borrowing,unanalyzable,wjele?,10,Lower Sorbian,450705,1142,how many?,28956,Function word,17,Cognition,dsb,lowe1385,Indo-European,Sorbian,Sorbian%West Slavic%Slavic%Balto-Slavic%Indo-European,Balto-Slavic,Lower Sorbian
25026,0,1,1,24766,5. no evidence for borrowing,unanalyzable,źo?,10,Lower Sorbian,452285,1146,where?,28960,Function word,17,Cognition,dsb,lowe1385,Indo-European,Sorbian,Sorbian%West Slavic%Slavic%Balto-Slavic%Indo-European,Balto-Slavic,Lower Sorbian
25073,0,0.5,1,24813,5. no evidence for borrowing,unanalyzable,ahòana,28,Malagasy,450328,1141,how?,30641,Function word,17,Cognition,NA,NA,NA,NA,NA,NA,NA
25074,0,0.5,1,24814,5. no evidence for borrowing,unanalyzable,àiza,28,Malagasy,452303,1146,where?,30648,Function word,17,Cognition,NA,NA,NA,NA,NA,NA,NA
25084,0,0.5,1,24824,5. no evidence for borrowing,unanalyzable,akòry,28,Malagasy,450328,1141,how?,30642,Function word,17,Cognition,NA,NA,NA,NA,NA,NA,NA
25368,0,1,1,25102,5. no evidence for borrowing,unanalyzable,firy,28,Malagasy,450723,1142,how many?,30643,Function word,17,Cognition,NA,NA,NA,NA,NA,NA,NA
25369,0,1,1,25103,5. no evidence for borrowing,unanalyzable,fìry,28,Malagasy,451118,1143,how much?,30644,Function word,17,Cognition,NA,NA,NA,NA,NA,NA,NA
25463,0,0.5,0.5,25197,5. no evidence for borrowing,analyzable compound,hoatrìnona,28,Malagasy,451118,1143,how much?,30645,Function word,17,Cognition,NA,NA,NA,NA,NA,NA,NA
25483,0,1,1,25217,5. no evidence for borrowing,unanalyzable,ìnona,28,Malagasy,451513,1144,what?,30646,Function word,17,Cognition,NA,NA,NA,NA,NA,NA,NA
25498,0,1,1,25230,5. no evidence for borrowing,unanalyzable,ìza,28,Malagasy,453093,1148,who?,30650,Function word,17,Cognition,NA,NA,NA,NA,NA,NA,NA
25506,0,0.5,1,25238,5. no evidence for borrowing,unanalyzable,ìzay,28,Malagasy,452698,1147,which?,30649,Function word,17,Cognition,NA,NA,NA,NA,NA,NA,NA
26137,0,0.5,0.5,25860,5. no evidence for borrowing,analyzable derived,nahòana,28,Malagasy,453488,1149,why?,30651,Function word,17,Cognition,NA,NA,NA,NA,NA,NA,NA
26180,0,0.5,1,25903,5. no evidence for borrowing,unanalyzable,ovìana,28,Malagasy,451908,1145,when?,30647,Function word,17,Cognition,NA,NA,NA,NA,NA,NA,NA
26910,0,1,0.5,26627,5. no evidence for borrowing,analyzable compound,2kʌtti tʰʌ-pʌ,17,Manange,451107,1143,how much?,31945,Function word,17,Cognition,NA,NA,NA,NA,NA,NA,NA
26973,0.25,1,0.5,26689,4. very little evidence for borrowing,analyzable compound,2pʰuŋ 2kʌtti,17,Manange,450712,1142,how many?,31944,Function word,17,Cognition,NA,NA,NA,NA,NA,NA,NA
26989,0,1,1,26705,5. no evidence for borrowing,unanalyzable,2su,17,Manange,453082,1148,who?,31950,Function word,17,Cognition,NA,NA,NA,NA,NA,NA,NA
27013,0,1,1,26729,5. no evidence for borrowing,unanalyzable,2ta (2),17,Manange,451502,1144,what?,31946,Function word,17,Cognition,NA,NA,NA,NA,NA,NA,NA
27210,0,1,1,26922,5. no evidence for borrowing,unanalyzable,4hajuŋ,17,Manange,451897,1145,when?,31947,Function word,17,Cognition,NA,NA,NA,NA,NA,NA,NA
27211,0,1,1,26923,5. no evidence for borrowing,unanalyzable,4halʌ,17,Manange,452687,1147,which?,31949,Function word,17,Cognition,NA,NA,NA,NA,NA,NA,NA
27212,0,1,1,26924,5. no evidence for borrowing,unanalyzable,4hatʃi,17,Manange,453477,1149,why?,31951,Function word,17,Cognition,NA,NA,NA,NA,NA,NA,NA
27344,0,1,1,27053,5. no evidence for borrowing,unanalyzable,ha coŋpʌ,17,Manange,450317,1141,how?,31943,Function word,17,Cognition,NA,NA,NA,NA,NA,NA,NA
27346,0,1,1,27055,5. no evidence for borrowing,unanalyzable,hani,17,Manange,452292,1146,where?,31948,Function word,17,Cognition,NA,NA,NA,NA,NA,NA,NA
27973,0,0.5,0.5,27674,5. no evidence for borrowing,analyzable compound,duo1shao,22,Mandarin Chinese,450717,1142,how many?,33859,Function word,17,Cognition,cmn,mand1415,Sino-Tibetan,Mandarinic,Mandarinic%Northern Chinese%Sinitic%Sino-Tibetan,Sinitic,Mandarin Chinese
28294,0,0.5,0.5,27990,5. no evidence for borrowing,analyzable derived,ji3-CL,22,Mandarin Chinese,450717,1142,how many?,33860,Function word,17,Cognition,cmn,mand1415,Sino-Tibetan,Mandarinic,Mandarinic%Northern Chinese%Sinitic%Sino-Tibetan,Sinitic,Mandarin Chinese
28296,0,0.5,0.5,27992,5. no evidence for borrowing,analyzable compound,ji3dian3,22,Mandarin Chinese,451902,1145,when?,33864,Function word,17,Cognition,cmn,mand1415,Sino-Tibetan,Mandarinic,Mandarinic%Northern Chinese%Sinitic%Sino-Tibetan,Sinitic,Mandarin Chinese
28687,0,0.5,0.5,28379,5. no evidence for borrowing,analyzable compound,na3-CL,22,Mandarin Chinese,452692,1147,which?,33867,Function word,17,Cognition,cmn,mand1415,Sino-Tibetan,Mandarinic,Mandarinic%Northern Chinese%Sinitic%Sino-Tibetan,Sinitic,Mandarin Chinese
28688,0,0.5,0.5,28380,5. no evidence for borrowing,analyzable compound,na3li3,22,Mandarin Chinese,452297,1146,where?,33866,Function word,17,Cognition,cmn,mand1415,Sino-Tibetan,Mandarinic,Mandarinic%Northern Chinese%Sinitic%Sino-Tibetan,Sinitic,Mandarin Chinese
28689,0,0.5,0.5,28381,5. no evidence for borrowing,analyzable compound,na3xie3,22,Mandarin Chinese,452692,1147,which?,33868,Function word,17,Cognition,cmn,mand1415,Sino-Tibetan,Mandarinic,Mandarinic%Northern Chinese%Sinitic%Sino-Tibetan,Sinitic,Mandarin Chinese
28944,0,0.5,0.5,28633,5. no evidence for borrowing,analyzable derived,shen2me,22,Mandarin Chinese,451507,1144,what?,33862,Function word,17,Cognition,cmn,mand1415,Sino-Tibetan,Mandarinic,Mandarinic%Northern Chinese%Sinitic%Sino-Tibetan,Sinitic,Mandarin Chinese
28945,0,0.5,0.5,28634,5. no evidence for borrowing,analyzable compound,shen2me shi2hou,22,Mandarin Chinese,451902,1145,when?,33863,Function word,17,Cognition,cmn,mand1415,Sino-Tibetan,Mandarinic,Mandarinic%Northern Chinese%Sinitic%Sino-Tibetan,Sinitic,Mandarin Chinese
29044,0,1,1,28731,5. no evidence for borrowing,unanalyzable,"shui2, shei2",22,Mandarin Chinese,453087,1148,who?,33869,Function word,17,Cognition,cmn,mand1415,Sino-Tibetan,Mandarinic,Mandarinic%Northern Chinese%Sinitic%Sino-Tibetan,Sinitic,Mandarin Chinese
29124,0,1,1,28810,5. no evidence for borrowing,unanalyzable,¿chumngechi?,41,Mapudungun,450341,1141,how?,35441,Function word,17,Cognition,arn,mapu1245,Araucanian,Araucanian,Araucanian,Araucanian,Mapudungun
29178,0,1,1,28863,5. no evidence for borrowing,unanalyzable,¿chumngelu?,41,Mapudungun,453501,1149,why?,35452,Function word,17,Cognition,arn,mapu1245,Araucanian,Araucanian,Araucanian,Araucanian,Mapudungun
29224,0,0.5,0.5,28909,5. no evidence for borrowing,analyzable compound,wei4shen2me,22,Mandarin Chinese,453482,1149,why?,33870,Function word,17,Cognition,cmn,mand1415,Sino-Tibetan,Mandarinic,Mandarinic%Northern Chinese%Sinitic%Sino-Tibetan,Sinitic,Mandarin Chinese
29546,0,0.5,0.5,29227,5. no evidence for borrowing,analyzable compound,zai4na3r,22,Mandarin Chinese,452297,1146,where?,33865,Function word,17,Cognition,cmn,mand1415,Sino-Tibetan,Mandarinic,Mandarinic%Northern Chinese%Sinitic%Sino-Tibetan,Sinitic,Mandarin Chinese
29561,0,0.5,0.5,29242,5. no evidence for borrowing,analyzable derived,zen3me,22,Mandarin Chinese,450322,1141,how?,33858,Function word,17,Cognition,cmn,mand1415,Sino-Tibetan,Mandarinic,Mandarinic%Northern Chinese%Sinitic%Sino-Tibetan,Sinitic,Mandarin Chinese
29562,0,0.5,0.5,29243,5. no evidence for borrowing,analyzable compound,zen3meyang4,22,Mandarin Chinese,450322,1141,how?,33857,Function word,17,Cognition,cmn,mand1415,Sino-Tibetan,Mandarinic,Mandarinic%Northern Chinese%Sinitic%Sino-Tibetan,Sinitic,Mandarin Chinese
29815,0,1,1,29496,5. no evidence for borrowing,unanalyzable,¿chem?,41,Mapudungun,451526,1144,what?,35446,Function word,17,Cognition,arn,mapu1245,Araucanian,Araucanian,Araucanian,Araucanian,Mapudungun
29816,0,1,1,29497,5. no evidence for borrowing,unanalyzable,¿chew?,41,Mapudungun,452316,1146,where?,35448,Function word,17,Cognition,arn,mapu1245,Araucanian,Araucanian,Araucanian,Araucanian,Mapudungun
29831,0,1,1,29512,5. no evidence for borrowing,unanalyzable,¿chuchi?,41,Mapudungun,452711,1147,which?,35450,Function word,17,Cognition,arn,mapu1245,Araucanian,Araucanian,Araucanian,Araucanian,Mapudungun
29837,0,1,1,29518,5. no evidence for borrowing,unanalyzable,¿chumül?,41,Mapudungun,451921,1145,when?,35447,Function word,17,Cognition,arn,mapu1245,Araucanian,Araucanian,Araucanian,Araucanian,Mapudungun
29981,0,1,1,29660,5. no evidence for borrowing,unanalyzable,¿iney?,41,Mapudungun,453106,1148,who?,35451,Function word,17,Cognition,arn,mapu1245,Araucanian,Araucanian,Araucanian,Araucanian,Mapudungun
30361,0,1,1,30035,5. no evidence for borrowing,unanalyzable,¿mufü?,41,Mapudungun,450736,1142,how many?,35443,Function word,17,Cognition,arn,mapu1245,Araucanian,Araucanian,Araucanian,Araucanian,Mapudungun
30769,0,1,1,30440,5. no evidence for borrowing,unanalyzable,¿tuchi?,41,Mapudungun,452711,1147,which?,35449,Function word,17,Cognition,arn,mapu1245,Araucanian,Araucanian,Araucanian,Araucanian,Mapudungun
30780,0,1,1,30451,5. no evidence for borrowing,unanalyzable,¿tunten?,41,Mapudungun,450736,1142,how many?,35442,Function word,17,Cognition,arn,mapu1245,Araucanian,Araucanian,Araucanian,Araucanian,Mapudungun
31157,0,1,1,30823,5. no evidence for borrowing,unanalyzable,dâr,11,Old High German,452286,1146,where?,36686,Function word,17,Cognition,goh,oldh1241,Indo-European,High German,High German%West Germanic%Northwest Germanic%Germanic%Indo-European,Germanic,Old High German
31409,0,1,1,31071,5. no evidence for borrowing,unanalyzable,"(h)wanne, (h)wenne",11,Old High German,451891,1145,when?,36685,Function word,17,Cognition,goh,oldh1241,Indo-European,High German,High German%West Germanic%Northwest Germanic%Germanic%Indo-European,Germanic,Old High German
31410,0,1,0.75,31072,5. no evidence for borrowing,semi-analyzable,(h)waz,11,Old High German,451496,1144,what?,36684,Function word,17,Cognition,goh,oldh1241,Indo-European,High German,High German%West Germanic%Northwest Germanic%Germanic%Indo-European,Germanic,Old High German
31412,0,1,1,31074,5. no evidence for borrowing,unanalyzable,"(h)weo, (h)wio, (h)wie",11,Old High German,450311,1141,how?,36681,Function word,17,Cognition,goh,oldh1241,Indo-European,High German,High German%West Germanic%Northwest Germanic%Germanic%Indo-European,Germanic,Old High German
31413,0,1,1,31075,5. no evidence for borrowing,unanalyzable,(h)wer,11,Old High German,452681,1147,which?,36687,Function word,17,Cognition,goh,oldh1241,Indo-European,High German,High German%West Germanic%Northwest Germanic%Germanic%Indo-European,Germanic,Old High German
32122,0,1,0.5,31776,5. no evidence for borrowing,analyzable compound,wârumbi,11,Old High German,453471,1149,why?,36689,Function word,17,Cognition,goh,oldh1241,Indo-European,High German,High German%West Germanic%Northwest Germanic%Germanic%Indo-European,Germanic,Old High German
32162,0,1,0.5,31816,5. no evidence for borrowing,analyzable phrasal,wio manage,11,Old High German,450706,1142,how many?,36682,Function word,17,Cognition,goh,oldh1241,Indo-European,High German,High German%West Germanic%Northwest Germanic%Germanic%Indo-European,Germanic,Old High German
32258,0,0.5,1,31912,5. no evidence for borrowing,unanalyzable,alɪ,20,Oroqen,451900,1145,when?,37941,Function word,17,Cognition,orh,oroq1238,Tungusic,West Tungus,West Tungus%Northern Tungusic%Tungusic,Northern Tungusic,Oroqen
32668,0,0.5,1,32316,5. no evidence for borrowing,unanalyzable,ikun,20,Oroqen,451505,1144,what?,37940,Function word,17,Cognition,orh,oroq1238,Tungusic,West Tungus,West Tungus%Northern Tungusic%Tungusic,Northern Tungusic,Oroqen
32671,0,0.5,1,32319,5. no evidence for borrowing,unanalyzable,ilə/idu,20,Oroqen,452295,1146,where?,37942,Function word,17,Cognition,orh,oroq1238,Tungusic,West Tungus,West Tungus%Northern Tungusic%Tungusic,Northern Tungusic,Oroqen
32694,0,0.5,1,32342,5. no evidence for borrowing,unanalyzable,iri,20,Oroqen,452690,1147,which?,37943,Function word,17,Cognition,orh,oroq1238,Tungusic,West Tungus,West Tungus%Northern Tungusic%Tungusic,Northern Tungusic,Oroqen
32896,0,0.5,1,32544,5. no evidence for borrowing,unanalyzable,ni:,20,Oroqen,453085,1148,who?,37944,Function word,17,Cognition,orh,oroq1238,Tungusic,West Tungus,West Tungus%Northern Tungusic%Tungusic,Northern Tungusic,Oroqen
32961,0,0.5,1,32608,5. no evidence for borrowing,unanalyzable,ɔ:ki,20,Oroqen,450715,1142,how many?,37938,Function word,17,Cognition,orh,oroq1238,Tungusic,West Tungus,West Tungus%Northern Tungusic%Tungusic,Northern Tungusic,Oroqen
32962,0,0.5,1,32609,5. no evidence for borrowing,unanalyzable,ɔ:n,20,Oroqen,450320,1141,how?,37937,Function word,17,Cognition,orh,oroq1238,Tungusic,West Tungus,West Tungus%Northern Tungusic%Tungusic,Northern Tungusic,Oroqen
33365,0,0.5,1,33009,5. no evidence for borrowing,unanalyzable,yɛ:da,20,Oroqen,453480,1149,why?,37945,Function word,17,Cognition,orh,oroq1238,Tungusic,West Tungus,West Tungus%Northern Tungusic%Tungusic,Northern Tungusic,Oroqen
33714,0,0.6,1,33355,5. no evidence for borrowing,unanalyzable,hä'mu̲?,35,Otomi,451915,1145,when?,40155,Function word,17,Cognition,NA,NA,NA,NA,NA,NA,NA
33720,0,0.6,1,33361,5. no evidence for borrowing,unanalyzable,häm'bu̲?,35,Otomi,451915,1145,when?,40156,Function word,17,Cognition,NA,NA,NA,NA,NA,NA,NA
33723,0,0.6,1,33364,5. no evidence for borrowing,unanalyzable,hangu?,35,Otomi,450730,1142,how many?,40149,Function word,17,Cognition,NA,NA,NA,NA,NA,NA,NA
33724,0,0.5,0.5,33365,5. no evidence for borrowing,analyzable derived,hanja('ä)?,35,Otomi,450335,1141,how?,40145,Function word,17,Cognition,NA,NA,NA,NA,NA,NA,NA
33838,0,0.6,1,33479,5. no evidence for borrowing,unanalyzable,ho'bu̲?,35,Otomi,452310,1146,where?,40157,Function word,17,Cognition,NA,NA,NA,NA,NA,NA,NA
33842,0,0.6,1,33483,5. no evidence for borrowing,unanalyzable,hogem'bu̲?,35,Otomi,452310,1146,where?,40158,Function word,17,Cognition,NA,NA,NA,NA,NA,NA,NA
33861,0,0.5,0.5,33502,5. no evidence for borrowing,analyzable derived,honja('ä)?,35,Otomi,450335,1141,how?,40146,Function word,17,Cognition,NA,NA,NA,NA,NA,NA,NA
35040,0,0.6,1,34668,5. no evidence for borrowing,unanalyzable,tange?,35,Otomi,452705,1147,which?,40159,Function word,17,Cognition,NA,NA,NA,NA,NA,NA,NA
35041,0,0.5,0.5,34669,5. no evidence for borrowing,analyzable derived,tange'ä?,35,Otomi,452705,1147,which?,40160,Function word,17,Cognition,NA,NA,NA,NA,NA,NA,NA
35046,0,0.9,1,34674,5. no evidence for borrowing,unanalyzable,te?,35,Otomi,451520,1144,what?,40152,Function word,17,Cognition,NA,NA,NA,NA,NA,NA,NA
35050,0,0.9,1,34678,5. no evidence for borrowing,unanalyzable,tem?,35,Otomi,451520,1144,what?,40153,Function word,17,Cognition,NA,NA,NA,NA,NA,NA,NA
35051,0,0.9,1,34679,5. no evidence for borrowing,unanalyzable,temu?,35,Otomi,450335,1141,how?,40144,Function word,17,Cognition,NA,NA,NA,NA,NA,NA,NA
35052,0,0.6,1,34680,5. no evidence for borrowing,unanalyzable,tengu?,35,Otomi,450730,1142,how many?,40148,Function word,17,Cognition,NA,NA,NA,NA,NA,NA,NA
35110,0,0.9,1,34738,5. no evidence for borrowing,unanalyzable,togo?,35,Otomi,453100,1148,who?,40161,Function word,17,Cognition,NA,NA,NA,NA,NA,NA,NA
35111,0,0.9,0.5,34739,5. no evidence for borrowing,analyzable derived,togo'ä?,35,Otomi,453100,1148,who?,40162,Function word,17,Cognition,NA,NA,NA,NA,NA,NA,NA
35481,0,0.6,1,35105,5. no evidence for borrowing,unanalyzable,yogo?,35,Otomi,453495,1149,why?,40163,Function word,17,Cognition,NA,NA,NA,NA,NA,NA,NA
35482,0,0.5,0.5,35106,5. no evidence for borrowing,analyzable derived,yogo'ä?,35,Otomi,453495,1149,why?,40164,Function word,17,Cognition,NA,NA,NA,NA,NA,NA,NA
35483,0,0.5,0.5,35107,5. no evidence for borrowing,analyzable derived,yogo('ä)?,35,Otomi,450335,1141,how?,40147,Function word,17,Cognition,NA,NA,NA,NA,NA,NA,NA
35609,0,1,1,35232,5. no evidence for borrowing,unanalyzable,ani (1),34,Q'eqchi',453099,1148,who?,42336,Function word,17,Cognition,NA,NA,NA,NA,NA,NA,NA
35685,0,1,1,35307,5. no evidence for borrowing,unanalyzable,b'ar,34,Q'eqchi',452309,1146,where?,42333,Function word,17,Cognition,NA,NA,NA,NA,NA,NA,NA
35686,0,1,0.5,35308,5. no evidence for borrowing,analyzable compound,b’ar wank,34,Q'eqchi',452704,1147,which?,42335,Function word,17,Cognition,NA,NA,NA,NA,NA,NA,NA
35823,0,1,0.5,35444,5. no evidence for borrowing,analyzable phrasal,chan ru,34,Q'eqchi',450334,1141,how?,42327,Function word,17,Cognition,NA,NA,NA,NA,NA,NA,NA
35999,0,1,1,35617,5. no evidence for borrowing,unanalyzable,jarub',34,Q'eqchi',450729,1142,how many?,42328,Function word,17,Cognition,NA,NA,NA,NA,NA,NA,NA
36026,0,1,1,35644,5. no evidence for borrowing,unanalyzable,jo' k'ihal,34,Q'eqchi',451124,1143,how much?,42329,Function word,17,Cognition,NA,NA,NA,NA,NA,NA,NA
36027,0,1,1,35645,5. no evidence for borrowing,unanalyzable,jo' nimal,34,Q'eqchi',451124,1143,how much?,42330,Function word,17,Cognition,NA,NA,NA,NA,NA,NA,NA
36045,0,1,1,35663,5. no evidence for borrowing,unanalyzable,joq'e,34,Q'eqchi',451914,1145,when?,42332,Function word,17,Cognition,NA,NA,NA,NA,NA,NA,NA
36079,0,1,0.5,35697,5. no evidence for borrowing,analyzable phrasal,k’a’ ru,34,Q'eqchi',452704,1147,which?,42334,Function word,17,Cognition,NA,NA,NA,NA,NA,NA,NA
36080,0,1,1,35698,5. no evidence for borrowing,unanalyzable,"k’a’, k’aru",34,Q'eqchi',451519,1144,what?,42331,Function word,17,Cognition,NA,NA,NA,NA,NA,NA,NA
36083,0,1,0.75,35701,5. no evidence for borrowing,semi-analyzable,k'a'ut,34,Q'eqchi',453494,1149,why?,42337,Function word,17,Cognition,NA,NA,NA,NA,NA,NA,NA
38040,0,1,1,37641,5. no evidence for borrowing,unanalyzable,când,8,Romanian,451888,1145,when?,44531,Function word,17,Cognition,ron,roma1327,Indo-European,Macro-Romanian,Macro-Romanian%Eastern Romance%Romance%Latino-Faliscan%Italic%Indo-European,Italic,Romanian
38056,0,1,1,37657,5. no evidence for borrowing,unanalyzable,care,8,Romanian,452678,1147,which?,44533,Function word,17,Cognition,ron,roma1327,Indo-European,Macro-Romanian,Macro-Romanian%Eastern Romance%Romance%Latino-Faliscan%Italic%Indo-European,Italic,Romanian
38080,0,1,1,37681,5. no evidence for borrowing,unanalyzable,cât,8,Romanian,451098,1143,how much?,44529,Function word,17,Cognition,ron,roma1327,Indo-European,Macro-Romanian,Macro-Romanian%Eastern Romance%Romance%Latino-Faliscan%Italic%Indo-European,Italic,Romanian
38085,0,1,0.5,37686,5. no evidence for borrowing,analyzable derived,câţi,8,Romanian,450703,1142,how many?,44528,Function word,17,Cognition,ron,roma1327,Indo-European,Macro-Romanian,Macro-Romanian%Eastern Romance%Romance%Latino-Faliscan%Italic%Indo-European,Italic,Romanian
38090,0,1,1,37691,5. no evidence for borrowing,unanalyzable,ce,8,Romanian,451493,1144,what?,44530,Function word,17,Cognition,ron,roma1327,Indo-European,Macro-Romanian,Macro-Romanian%Eastern Romance%Romance%Latino-Faliscan%Italic%Indo-European,Italic,Romanian
38127,0,1,1,37726,5. no evidence for borrowing,unanalyzable,cine,8,Romanian,453073,1148,who?,44534,Function word,17,Cognition,ron,roma1327,Indo-European,Macro-Romanian,Macro-Romanian%Eastern Romance%Romance%Latino-Faliscan%Italic%Indo-European,Italic,Romanian
38230,0,1,1,37827,5. no evidence for borrowing,unanalyzable,cum,8,Romanian,450308,1141,how?,44527,Function word,17,Cognition,ron,roma1327,Indo-European,Macro-Romanian,Macro-Romanian%Eastern Romance%Romance%Latino-Faliscan%Italic%Indo-European,Italic,Romanian
38259,0,0.5,0.5,37856,5. no evidence for borrowing,analyzable phrasal,de ce,8,Romanian,453468,1149,why?,44535,Function word,17,Cognition,ron,roma1327,Indo-European,Macro-Romanian,Macro-Romanian%Eastern Romance%Romance%Latino-Faliscan%Italic%Indo-European,Italic,Romanian
39387,0,1,1,38966,5. no evidence for borrowing,unanalyzable,unde,8,Romanian,452283,1146,where?,44532,Function word,17,Cognition,ron,roma1327,Indo-European,Macro-Romanian,Macro-Romanian%Eastern Romance%Romance%Latino-Faliscan%Italic%Indo-European,Italic,Romanian
40005,0,1,1,39577,5. no evidence for borrowing,unanalyzable,kim,19,Sakha,453084,1148,who?,46244,Function word,17,Cognition,NA,NA,NA,NA,NA,NA,NA
40641,0,0.5,0.5,40204,5. no evidence for borrowing,analyzable derived,toɣo,19,Sakha,453479,1149,why?,46245,Function word,17,Cognition,NA,NA,NA,NA,NA,NA,NA
40643,0.5,1,1,40206,3. perhaps borrowed,unanalyzable,töhö,19,Sakha,450714,1142,how many?,46237,Function word,17,Cognition,NA,NA,NA,NA,NA,NA,NA
40700,0,0.5,1,40262,5. no evidence for borrowing,unanalyzable,tuoχ,19,Sakha,451504,1144,what?,46240,Function word,17,Cognition,NA,NA,NA,NA,NA,NA,NA
40766,0,1,0.75,40328,5. no evidence for borrowing,semi-analyzable,χahan,19,Sakha,451899,1145,when?,46241,Function word,17,Cognition,NA,NA,NA,NA,NA,NA,NA
40847,0,1,0.5,40407,5. no evidence for borrowing,analyzable derived,χanna,19,Sakha,452294,1146,where?,46242,Function word,17,Cognition,NA,NA,NA,NA,NA,NA,NA
40848,0,1,0.5,40408,5. no evidence for borrowing,analyzable derived,χannɨk,19,Sakha,452689,1147,which?,46243,Function word,17,Cognition,NA,NA,NA,NA,NA,NA,NA
40871,0,1,1,40431,5. no evidence for borrowing,unanalyzable,χas (2),19,Sakha,450714,1142,how many?,46236,Function word,17,Cognition,NA,NA,NA,NA,NA,NA,NA
40887,0,1,1,40447,5. no evidence for borrowing,unanalyzable,χaydaχ,19,Sakha,450319,1141,how?,46235,Function word,17,Cognition,NA,NA,NA,NA,NA,NA,NA
40984,1,0.9,1,40543,1. clearly borrowed,unanalyzable,ambë́,36,Saramaccan,453101,1148,who?,47599,Function word,17,Cognition,srm,sara1340,Indo-European,Surinamese Creole English,Surinamese Creole English%Guinea Coast Creole English%Macro-English%Mercian%Anglian%Anglo-Frisian%North Sea Germanic%West Germanic%Northwest Germanic%Germanic%Indo-European,Germanic,Saramaccan
40988,1,0.9,1,40547,1. clearly borrowed,unanalyzable,andí,36,Saramaccan,451521,1144,what?,47595,Function word,17,Cognition,srm,sara1340,Indo-European,Surinamese Creole English,Surinamese Creole English%Guinea Coast Creole English%Macro-English%Mercian%Anglian%Anglo-Frisian%North Sea Germanic%West Germanic%Northwest Germanic%Germanic%Indo-European,Germanic,Saramaccan
41220,0,0.9,0.5,40776,5. no evidence for borrowing,analyzable phrasal,faándí mbéi,36,Saramaccan,453496,1149,why?,47600,Function word,17,Cognition,srm,sara1340,Indo-European,Surinamese Creole English,Surinamese Creole English%Guinea Coast Creole English%Macro-English%Mercian%Anglian%Anglo-Frisian%North Sea Germanic%West Germanic%Northwest Germanic%Germanic%Indo-European,Germanic,Saramaccan
41654,0,0.9,0.5,41206,5. no evidence for borrowing,analyzable compound,na unsë́,36,Saramaccan,452311,1146,where?,47597,Function word,17,Cognition,srm,sara1340,Indo-European,Surinamese Creole English,Surinamese Creole English%Guinea Coast Creole English%Macro-English%Mercian%Anglian%Anglo-Frisian%North Sea Germanic%West Germanic%Northwest Germanic%Germanic%Indo-European,Germanic,Saramaccan
41655,0,0.9,0.5,41207,5. no evidence for borrowing,analyzable phrasal,na únten,36,Saramaccan,451916,1145,when?,47596,Function word,17,Cognition,srm,sara1340,Indo-European,Surinamese Creole English,Surinamese Creole English%Guinea Coast Creole English%Macro-English%Mercian%Anglian%Anglo-Frisian%North Sea Germanic%West Germanic%Northwest Germanic%Germanic%Indo-European,Germanic,Saramaccan
41996,0.25,0.9,1,41542,4. very little evidence for borrowing,unanalyzable,ún,36,Saramaccan,452706,1147,which?,47598,Function word,17,Cognition,srm,sara1340,Indo-European,Surinamese Creole English,Surinamese Creole English%Guinea Coast Creole English%Macro-English%Mercian%Anglian%Anglo-Frisian%North Sea Germanic%West Germanic%Northwest Germanic%Germanic%Indo-European,Germanic,Saramaccan
41997,0,0.9,0.5,41543,5. no evidence for borrowing,analyzable compound,unfá,36,Saramaccan,450336,1141,how?,47592,Function word,17,Cognition,srm,sara1340,Indo-European,Surinamese Creole English,Surinamese Creole English%Guinea Coast Creole English%Macro-English%Mercian%Anglian%Anglo-Frisian%North Sea Germanic%West Germanic%Northwest Germanic%Germanic%Indo-European,Germanic,Saramaccan
41998,0,0.9,0.75,41544,5. no evidence for borrowing,semi-analyzable,únmë́ni,36,Saramaccan,450731,1142,how many?,47593,Function word,17,Cognition,srm,sara1340,Indo-European,Surinamese Creole English,Surinamese Creole English%Guinea Coast Creole English%Macro-English%Mercian%Anglian%Anglo-Frisian%North Sea Germanic%West Germanic%Northwest Germanic%Germanic%Indo-European,Germanic,Saramaccan
42669,0,1,0.75,42207,5. no evidence for borrowing,semi-analyzable,káj,9,Selice Romani,452284,1146,where?,49206,Function word,17,Cognition,NA,NA,NA,NA,NA,NA,NA
42683,0,1,0.75,42221,5. no evidence for borrowing,semi-analyzable,kana,9,Selice Romani,451889,1145,when?,49205,Function word,17,Cognition,NA,NA,NA,NA,NA,NA,NA
42764,0,1,0.75,42302,5. no evidence for borrowing,semi-analyzable,kija,9,Selice Romani,452284,1146,where?,49207,Function word,17,Cognition,NA,NA,NA,NA,NA,NA,NA
42784,0,1,0.75,42321,5. no evidence for borrowing,semi-analyzable,kiťi,9,Selice Romani,450704,1142,how many?,49202,Function word,17,Cognition,NA,NA,NA,NA,NA,NA,NA
42790,0.25,1,0.75,42327,4. very little evidence for borrowing,semi-analyzable,ko,9,Selice Romani,453074,1148,who?,49209,Function word,17,Cognition,NA,NA,NA,NA,NA,NA,NA
43304,0,1,0.75,42834,5. no evidence for borrowing,semi-analyzable,sar,9,Selice Romani,450309,1141,how?,49201,Function word,17,Cognition,NA,NA,NA,NA,NA,NA,NA
43314,0,1,0.75,42844,5. no evidence for borrowing,semi-analyzable,savo,9,Selice Romani,452679,1147,which?,49208,Function word,17,Cognition,NA,NA,NA,NA,NA,NA,NA
43384,0,1,0.75,42914,5. no evidence for borrowing,semi-analyzable,so,9,Selice Romani,451494,1144,what?,49204,Function word,17,Cognition,NA,NA,NA,NA,NA,NA,NA
43406,0,1,0.5,42936,5. no evidence for borrowing,analyzable derived,soske,9,Selice Romani,453469,1149,why?,49210,Function word,17,Cognition,NA,NA,NA,NA,NA,NA,NA
43661,0,0.9,0.75,43188,5. no evidence for borrowing,semi-analyzable,akfer,7,Seychelles Creole,453467,1149,why?,51249,Function word,17,Cognition,NA,NA,NA,NA,NA,NA,NA
44032,0,0.9,0.75,43554,5. no evidence for borrowing,semi-analyzable,ferkwa,7,Seychelles Creole,453467,1149,why?,51248,Function word,17,Cognition,NA,NA,NA,NA,NA,NA,NA
44198,0,0.9,1,43719,5. no evidence for borrowing,unanalyzable,kan (2),7,Seychelles Creole,451887,1145,when?,51242,Function word,17,Cognition,NA,NA,NA,NA,NA,NA,NA
44251,0,0.5,0.75,43772,5. no evidence for borrowing,semi-analyzable,ki sennla ki,7,Seychelles Creole,453072,1148,who?,51246,Function word,17,Cognition,NA,NA,NA,NA,NA,NA,NA
44256,0,0.9,0.75,43777,5. no evidence for borrowing,semi-analyzable,kisisa,7,Seychelles Creole,451492,1144,what?,51241,Function word,17,Cognition,NA,NA,NA,NA,NA,NA,NA
44280,0,0.9,1,43800,5. no evidence for borrowing,unanalyzable,konbyen,7,Seychelles Creole,450702,1142,how many?,51238,Function word,17,Cognition,NA,NA,NA,NA,NA,NA,NA
44317,0,0.9,1,43837,5. no evidence for borrowing,unanalyzable,kote (2),7,Seychelles Creole,452282,1146,where?,51244,Function word,17,Cognition,NA,NA,NA,NA,NA,NA,NA
44361,0,0.9,1,43879,5. no evidence for borrowing,unanalyzable,kwa,7,Seychelles Creole,451492,1144,what?,51240,Function word,17,Cognition,NA,NA,NA,NA,NA,NA,NA
44597,0,0.5,0.75,44113,5. no evidence for borrowing,semi-analyzable,lekel ki,7,Seychelles Creole,452677,1147,which?,51245,Function word,17,Cognition,NA,NA,NA,NA,NA,NA,NA
44870,0,0.9,1,44383,5. no evidence for borrowing,unanalyzable,oli,7,Seychelles Creole,452282,1146,where?,51243,Function word,17,Cognition,NA,NA,NA,NA,NA,NA,NA
45715,0,1,1,45220,5. no evidence for borrowing,unanalyzable,wi,6,Tarifiyt Berber,453071,1148,who?,2681,Function word,17,Cognition,NA,NA,NA,NA,NA,NA,NA
45926,0,1,1,45430,5. no evidence for borrowing,unanalyzable,#NAME?,1,Swahili,450301,1141,how?,53115,Function word,17,Cognition,swh,swah1253,Atlantic-Congo,Swahili (G.40),Swahili (G.40)%Sabaki-Swahili%Coastal NEC Bantu%Northeast Coastal Bantu%Northeast Savanna Bantu%East Bantu%Narrow Bantu%Southern Bantoid%Bantoid%Benue-Congo%Volta-Congo%Atlantic-Congo,Volta-Congo,Swahili
46211,0,0.5,0.5,45711,5. no evidence for borrowing,analyzable phrasal,kwa nini,1,Swahili,453461,1149,why?,53123,Function word,17,Cognition,swh,swah1253,Atlantic-Congo,Swahili (G.40),Swahili (G.40)%Sabaki-Swahili%Coastal NEC Bantu%Northeast Coastal Bantu%Northeast Savanna Bantu%East Bantu%Narrow Bantu%Southern Bantoid%Bantoid%Benue-Congo%Volta-Congo%Atlantic-Congo,Volta-Congo,Swahili
46213,0,1,0.5,45713,5. no evidence for borrowing,analyzable phrasal,(kwa) sababu gani,1,Swahili,453461,1149,why?,53124,Function word,17,Cognition,swh,swah1253,Atlantic-Congo,Swahili (G.40),Swahili (G.40)%Sabaki-Swahili%Coastal NEC Bantu%Northeast Coastal Bantu%Northeast Savanna Bantu%East Bantu%Narrow Bantu%Southern Bantoid%Bantoid%Benue-Congo%Volta-Congo%Atlantic-Congo,Volta-Congo,Swahili
46244,0,0.5,1,45744,5. no evidence for borrowing,unanalyzable,lini,1,Swahili,451881,1145,when?,53119,Function word,17,Cognition,swh,swah1253,Atlantic-Congo,Swahili (G.40),Swahili (G.40)%Sabaki-Swahili%Coastal NEC Bantu%Northeast Coastal Bantu%Northeast Savanna Bantu%East Bantu%Narrow Bantu%Southern Bantoid%Bantoid%Benue-Congo%Volta-Congo%Atlantic-Congo,Volta-Congo,Swahili
46551,0,1,1,46050,5. no evidence for borrowing,unanalyzable,nani,1,Swahili,453066,1148,who?,53122,Function word,17,Cognition,swh,swah1253,Atlantic-Congo,Swahili (G.40),Swahili (G.40)%Sabaki-Swahili%Coastal NEC Bantu%Northeast Coastal Bantu%Northeast Savanna Bantu%East Bantu%Narrow Bantu%Southern Bantoid%Bantoid%Benue-Congo%Volta-Congo%Atlantic-Congo,Volta-Congo,Swahili
46580,0,1,1,46078,5. no evidence for borrowing,unanalyzable,#NAME?,1,Swahili,450696,1142,how many?,53116,Function word,17,Cognition,swh,swah1253,Atlantic-Congo,Swahili (G.40),Swahili (G.40)%Sabaki-Swahili%Coastal NEC Bantu%Northeast Coastal Bantu%Northeast Savanna Bantu%East Bantu%Narrow Bantu%Southern Bantoid%Bantoid%Benue-Congo%Volta-Congo%Atlantic-Congo,Volta-Congo,Swahili
46597,0,1,1,46095,5. no evidence for borrowing,unanalyzable,nini,1,Swahili,451486,1144,what?,53118,Function word,17,Cognition,swh,swah1253,Atlantic-Congo,Swahili (G.40),Swahili (G.40)%Sabaki-Swahili%Coastal NEC Bantu%Northeast Coastal Bantu%Northeast Savanna Bantu%East Bantu%Narrow Bantu%Southern Bantoid%Bantoid%Benue-Congo%Volta-Congo%Atlantic-Congo,Volta-Congo,Swahili
46700,0,1,1,46196,5. no evidence for borrowing,unanalyzable,#NAME?,1,Swahili,452671,1147,which?,53121,Function word,17,Cognition,swh,swah1253,Atlantic-Congo,Swahili (G.40),Swahili (G.40)%Sabaki-Swahili%Coastal NEC Bantu%Northeast Coastal Bantu%Northeast Savanna Bantu%East Bantu%Narrow Bantu%Southern Bantoid%Bantoid%Benue-Congo%Volta-Congo%Atlantic-Congo,Volta-Congo,Swahili
47089,0,1,0.5,46584,5. no evidence for borrowing,analyzable derived,vipi,1,Swahili,450301,1141,how?,53114,Function word,17,Cognition,swh,swah1253,Atlantic-Congo,Swahili (G.40),Swahili (G.40)%Sabaki-Swahili%Coastal NEC Bantu%Northeast Coastal Bantu%Northeast Savanna Bantu%East Bantu%Narrow Bantu%Southern Bantoid%Bantoid%Benue-Congo%Volta-Congo%Atlantic-Congo,Volta-Congo,Swahili
47109,0,1,1,46604,5. no evidence for borrowing,unanalyzable,wapi,1,Swahili,452276,1146,where?,53120,Function word,17,Cognition,swh,swah1253,Atlantic-Congo,Swahili (G.40),Swahili (G.40)%Sabaki-Swahili%Coastal NEC Bantu%Northeast Coastal Bantu%Northeast Savanna Bantu%East Bantu%Narrow Bantu%Southern Bantoid%Bantoid%Benue-Congo%Volta-Congo%Atlantic-Congo,Volta-Congo,Swahili
47216,0.25,0.5,1,46709,4. very little evidence for borrowing,unanalyzable,ata,29,Takia,451514,1144,what?,54539,Function word,17,Cognition,tbc,taki1248,Austronesian,Nuclear Bel,Nuclear Bel%Bel%Bel-Roinji-Nenaya%Vitiaz linkage%Ngero-Vitiaz linkage%North New Guinea linkage%Western Oceanic linkage%Oceanic%Eastern Malayo-Polynesian%Central-Eastern Malayo-Polynesian%Malayo-Polynesian%Nuclear Austronesian%Austronesian,Nuclear Austronesian,Takia
47360,0.25,0.5,1,46851,4. very little evidence for borrowing,unanalyzable,dgo,29,Takia,450329,1141,how?,54536,Function word,17,Cognition,tbc,taki1248,Austronesian,Nuclear Bel,Nuclear Bel%Bel%Bel-Roinji-Nenaya%Vitiaz linkage%Ngero-Vitiaz linkage%North New Guinea linkage%Western Oceanic linkage%Oceanic%Eastern Malayo-Polynesian%Central-Eastern Malayo-Polynesian%Malayo-Polynesian%Nuclear Austronesian%Austronesian,Nuclear Austronesian,Takia
47361,0,0.5,0.5,46852,5. no evidence for borrowing,analyzable compound,dgo-mai,29,Takia,452699,1147,which?,54542,Function word,17,Cognition,tbc,taki1248,Austronesian,Nuclear Bel,Nuclear Bel%Bel%Bel-Roinji-Nenaya%Vitiaz linkage%Ngero-Vitiaz linkage%North New Guinea linkage%Western Oceanic linkage%Oceanic%Eastern Malayo-Polynesian%Central-Eastern Malayo-Polynesian%Malayo-Polynesian%Nuclear Austronesian%Austronesian,Nuclear Austronesian,Takia
47539,0.25,0.5,1,47026,4. very little evidence for borrowing,unanalyzable,intaw,29,Takia,453489,1149,why?,54544,Function word,17,Cognition,tbc,taki1248,Austronesian,Nuclear Bel,Nuclear Bel%Bel%Bel-Roinji-Nenaya%Vitiaz linkage%Ngero-Vitiaz linkage%North New Guinea linkage%Western Oceanic linkage%Oceanic%Eastern Malayo-Polynesian%Central-Eastern Malayo-Polynesian%Malayo-Polynesian%Nuclear Austronesian%Austronesian,Nuclear Austronesian,Takia
47540,0.25,0.5,1,47027,4. very little evidence for borrowing,unanalyzable,inti,29,Takia,453094,1148,who?,54543,Function word,17,Cognition,tbc,taki1248,Austronesian,Nuclear Bel,Nuclear Bel%Bel%Bel-Roinji-Nenaya%Vitiaz linkage%Ngero-Vitiaz linkage%North New Guinea linkage%Western Oceanic linkage%Oceanic%Eastern Malayo-Polynesian%Central-Eastern Malayo-Polynesian%Malayo-Polynesian%Nuclear Austronesian%Austronesian,Nuclear Austronesian,Takia
48000,0,1,0.5,47482,5. no evidence for borrowing,analyzable compound,saŋe-p na,29,Takia,451909,1145,when?,54540,Function word,17,Cognition,tbc,taki1248,Austronesian,Nuclear Bel,Nuclear Bel%Bel%Bel-Roinji-Nenaya%Vitiaz linkage%Ngero-Vitiaz linkage%North New Guinea linkage%Western Oceanic linkage%Oceanic%Eastern Malayo-Polynesian%Central-Eastern Malayo-Polynesian%Malayo-Polynesian%Nuclear Austronesian%Austronesian,Nuclear Austronesian,Takia
48002,0,1,1,47484,5. no evidence for borrowing,unanalyzable,sapita,29,Takia,450724,1142,how many?,54537,Function word,17,Cognition,tbc,taki1248,Austronesian,Nuclear Bel,Nuclear Bel%Bel%Bel-Roinji-Nenaya%Vitiaz linkage%Ngero-Vitiaz linkage%North New Guinea linkage%Western Oceanic linkage%Oceanic%Eastern Malayo-Polynesian%Central-Eastern Malayo-Polynesian%Malayo-Polynesian%Nuclear Austronesian%Austronesian,Nuclear Austronesian,Takia
48977,0,1,0.5,48448,5. no evidence for borrowing,analyzable derived,maɣā,6,Tarifiyt Berber,453466,1149,why?,2683,Function word,17,Cognition,NA,NA,NA,NA,NA,NA,NA
48980,0,1,1,48451,5. no evidence for borrowing,unanalyzable,maməš,6,Tarifiyt Berber,450306,1141,how?,2674,Function word,17,Cognition,NA,NA,NA,NA,NA,NA,NA
48982,0,1,1,48453,5. no evidence for borrowing,unanalyzable,man,6,Tarifiyt Berber,452676,1147,which?,2680,Function word,17,Cognition,NA,NA,NA,NA,NA,NA,NA
48984,0,1,1,48455,5. no evidence for borrowing,unanalyzable,mani,6,Tarifiyt Berber,452281,1146,where?,2679,Function word,17,Cognition,NA,NA,NA,NA,NA,NA,NA
48993,0,1,1,48464,5. no evidence for borrowing,unanalyzable,mayəmmi,6,Tarifiyt Berber,453466,1149,why?,2682,Function word,17,Cognition,NA,NA,NA,NA,NA,NA,NA
48994,0,1,1,48465,5. no evidence for borrowing,unanalyzable,məřmi,6,Tarifiyt Berber,451886,1145,when?,2678,Function word,17,Cognition,NA,NA,NA,NA,NA,NA,NA
48995,1,1,1,48466,1. clearly borrowed,unanalyzable,məšħař,6,Tarifiyt Berber,450701,1142,how many?,2675,Function word,17,Cognition,NA,NA,NA,NA,NA,NA,NA
48999,0,1,1,48470,5. no evidence for borrowing,unanalyzable,min,6,Tarifiyt Berber,451491,1144,what?,2677,Function word,17,Cognition,NA,NA,NA,NA,NA,NA,NA
49872,0,0.5,0.5,49332,5. no evidence for borrowing,analyzable compound,?annǎy,23,Thai,452693,1147,which?,56507,Function word,17,Cognition,tha,thai1261,Tai-Kadai,Lao-Thai,Lao-Thai%Sputhwestern Thai PH%Southwestern Tai%Sapa-Southwestern Tai%Wenma-Southwestern Tai%Central-Southwestern Tai%Daic%Be-Tai%Kam-Tai%Tai-Kadai,Kam-Tai,Thai
49882,0,1,0.5,49342,5. no evidence for borrowing,analyzable compound,?aray,23,Thai,451508,1144,what?,56504,Function word,17,Cognition,tha,thai1261,Tai-Kadai,Lao-Thai,Lao-Thai%Sputhwestern Thai PH%Southwestern Tai%Sapa-Southwestern Tai%Wenma-Southwestern Tai%Central-Southwestern Tai%Daic%Be-Tai%Kam-Tai%Tai-Kadai,Kam-Tai,Thai
50451,0,0.5,1,49902,5. no evidence for borrowing,unanalyzable,khray,23,Thai,453088,1148,who?,56508,Function word,17,Cognition,tha,thai1261,Tai-Kadai,Lao-Thai,Lao-Thai%Sputhwestern Thai PH%Southwestern Tai%Sapa-Southwestern Tai%Wenma-Southwestern Tai%Central-Southwestern Tai%Daic%Be-Tai%Kam-Tai%Tai-Kadai,Kam-Tai,Thai
50515,0,1,1,49965,5. no evidence for borrowing,unanalyzable,kìi (2),23,Thai,450718,1142,how many?,56502,Function word,17,Cognition,tha,thai1261,Tai-Kadai,Lao-Thai,Lao-Thai%Sputhwestern Thai PH%Southwestern Tai%Sapa-Southwestern Tai%Wenma-Southwestern Tai%Central-Southwestern Tai%Daic%Be-Tai%Kam-Tai%Tai-Kadai,Kam-Tai,Thai
50856,0,1,0.5,50302,5. no evidence for borrowing,analyzable compound,mʉ̂aday,23,Thai,451903,1145,when?,56400,Function word,17,Cognition,tha,thai1261,Tai-Kadai,Lao-Thai,Lao-Thai%Sputhwestern Thai PH%Southwestern Tai%Sapa-Southwestern Tai%Wenma-Southwestern Tai%Central-Southwestern Tai%Daic%Be-Tai%Kam-Tai%Tai-Kadai,Kam-Tai,Thai
50860,0,1,0.5,50306,5. no evidence for borrowing,analyzable compound,mʉ̂aray,23,Thai,451903,1145,when?,56505,Function word,17,Cognition,tha,thai1261,Tai-Kadai,Lao-Thai,Lao-Thai%Sputhwestern Thai PH%Southwestern Tai%Sapa-Southwestern Tai%Wenma-Southwestern Tai%Central-Southwestern Tai%Daic%Be-Tai%Kam-Tai%Tai-Kadai,Kam-Tai,Thai
51112,0,1,1,50556,5. no evidence for borrowing,unanalyzable,phǎy,23,Thai,453088,1148,who?,56402,Function word,17,Cognition,tha,thai1261,Tai-Kadai,Lao-Thai,Lao-Thai%Sputhwestern Thai PH%Southwestern Tai%Sapa-Southwestern Tai%Wenma-Southwestern Tai%Central-Southwestern Tai%Daic%Be-Tai%Kam-Tai%Tai-Kadai,Kam-Tai,Thai
51197,0,1,0.5,50639,5. no evidence for borrowing,analyzable compound,phûuday,23,Thai,453088,1148,who?,56401,Function word,17,Cognition,tha,thai1261,Tai-Kadai,Lao-Thai,Lao-Thai%Sputhwestern Thai PH%Southwestern Tai%Sapa-Southwestern Tai%Wenma-Southwestern Tai%Central-Southwestern Tai%Daic%Be-Tai%Kam-Tai%Tai-Kadai,Kam-Tai,Thai
51668,0,0.5,1,51103,5. no evidence for borrowing,unanalyzable,thammay,23,Thai,453483,1149,why?,56509,Function word,17,Cognition,tha,thai1261,Tai-Kadai,Lao-Thai,Lao-Thai%Sputhwestern Thai PH%Southwestern Tai%Sapa-Southwestern Tai%Wenma-Southwestern Tai%Central-Southwestern Tai%Daic%Be-Tai%Kam-Tai%Tai-Kadai,Kam-Tai,Thai
51688,0,0.5,0.5,51123,5. no evidence for borrowing,analyzable compound,thâorày,23,Thai,451113,1143,how much?,56503,Function word,17,Cognition,tha,thai1261,Tai-Kadai,Lao-Thai,Lao-Thai%Sputhwestern Thai PH%Southwestern Tai%Sapa-Southwestern Tai%Wenma-Southwestern Tai%Central-Southwestern Tai%Daic%Be-Tai%Kam-Tai%Tai-Kadai,Kam-Tai,Thai
51709,0,0.5,0.5,51144,5. no evidence for borrowing,analyzable compound,thîiday,23,Thai,452298,1146,where?,56403,Function word,17,Cognition,tha,thai1261,Tai-Kadai,Lao-Thai,Lao-Thai%Sputhwestern Thai PH%Southwestern Tai%Sapa-Southwestern Tai%Wenma-Southwestern Tai%Central-Southwestern Tai%Daic%Be-Tai%Kam-Tai%Tai-Kadai,Kam-Tai,Thai
51711,0,0.5,0.5,51146,5. no evidence for borrowing,analyzable compound,thîinǎy,23,Thai,452298,1146,where?,56506,Function word,17,Cognition,tha,thai1261,Tai-Kadai,Lao-Thai,Lao-Thai%Sputhwestern Thai PH%Southwestern Tai%Sapa-Southwestern Tai%Wenma-Southwestern Tai%Central-Southwestern Tai%Daic%Be-Tai%Kam-Tai%Tai-Kadai,Kam-Tai,Thai
51887,0,1,0.5,51320,5. no evidence for borrowing,analyzable compound,yàaŋray,23,Thai,450323,1141,how?,56501,Function word,17,Cognition,tha,thai1261,Tai-Kadai,Lao-Thai,Lao-Thai%Sputhwestern Thai PH%Southwestern Tai%Sapa-Southwestern Tai%Wenma-Southwestern Tai%Central-Southwestern Tai%Daic%Be-Tai%Kam-Tai%Tai-Kadai,Kam-Tai,Thai
51940,0,1,1,51373,5. no evidence for borrowing,unanalyzable,ai,24,Vietnamese,453089,1148,who?,59561,Function word,17,Cognition,vie,viet1252,Austroasiatic,Viet-Muong,Viet-Muong%Vietic%Austroasiatic,Vietic,Vietnamese
51999,0,1,0.5,51431,5. no evidence for borrowing,analyzable compound,bao nhiêu,24,Vietnamese,451114,1143,how much?,59555,Function word,17,Cognition,vie,viet1252,Austroasiatic,Viet-Muong,Viet-Muong%Vietic%Austroasiatic,Vietic,Vietnamese
52369,0,1,1,51797,5. no evidence for borrowing,unanalyzable,đâu,24,Vietnamese,452299,1146,where?,59559,Function word,17,Cognition,vie,viet1252,Austroasiatic,Viet-Muong,Viet-Muong%Vietic%Austroasiatic,Vietic,Vietnamese
52485,0,1,1,51911,5. no evidence for borrowing,unanalyzable,gì,24,Vietnamese,451509,1144,what?,59556,Function word,17,Cognition,vie,viet1252,Austroasiatic,Viet-Muong,Viet-Muong%Vietic%Austroasiatic,Vietic,Vietnamese
52605,0,1,0.5,52030,5. no evidence for borrowing,analyzable compound,khi nào,24,Vietnamese,451904,1145,when?,59558,Function word,17,Cognition,vie,viet1252,Austroasiatic,Viet-Muong,Viet-Muong%Vietic%Austroasiatic,Vietic,Vietnamese
52742,0,1,1,52167,5. no evidence for borrowing,unanalyzable,mấy,24,Vietnamese,450719,1142,how many?,59554,Function word,17,Cognition,vie,viet1252,Austroasiatic,Viet-Muong,Viet-Muong%Vietic%Austroasiatic,Vietic,Vietnamese
52829,0,1,1,52254,5. no evidence for borrowing,unanalyzable,nào,24,Vietnamese,452694,1147,which?,59560,Function word,17,Cognition,vie,viet1252,Austroasiatic,Viet-Muong,Viet-Muong%Vietic%Austroasiatic,Vietic,Vietnamese
53069,0,1,1,52493,5. no evidence for borrowing,unanalyzable,sao (2),24,Vietnamese,450324,1141,how?,59553,Function word,17,Cognition,vie,viet1252,Austroasiatic,Viet-Muong,Viet-Muong%Vietic%Austroasiatic,Vietic,Vietnamese
53133,0,1,0.5,52556,5. no evidence for borrowing,analyzable compound,tại sao,24,Vietnamese,453484,1149,why?,59562,Function word,17,Cognition,vie,viet1252,Austroasiatic,Viet-Muong,Viet-Muong%Vietic%Austroasiatic,Vietic,Vietnamese
53511,0,0.5,1,52928,5. no evidence for borrowing,unanalyzable,dabtsi,25,White Hmong,451510,1144,what?,61051,Function word,17,Cognition,NA,NA,NA,NA,NA,NA,NA
53778,0,0.5,0.5,53192,5. no evidence for borrowing,analyzable phrasal,leej twg,25,White Hmong,453090,1148,who?,61055,Function word,17,Cognition,NA,NA,NA,NA,NA,NA,NA
53932,0,0.5,0.5,53344,5. no evidence for borrowing,analyzable phrasal,npaum li cas,25,White Hmong,451115,1143,how much?,61050,Function word,17,Cognition,NA,NA,NA,NA,NA,NA,NA
54140,0,0.9,0.75,53552,5. no evidence for borrowing,semi-analyzable,pes tsawg,25,White Hmong,450720,1142,how many?,61049,Function word,17,Cognition,NA,NA,NA,NA,NA,NA,NA
54249,0,0.5,0.5,53657,5. no evidence for borrowing,analyzable phrasal,qhov twg,25,White Hmong,452300,1146,where?,61053,Function word,17,Cognition,NA,NA,NA,NA,NA,NA,NA
54403,0,0.5,0.5,53809,5. no evidence for borrowing,analyzable phrasal,thaum twg,25,White Hmong,451905,1145,when?,61052,Function word,17,Cognition,NA,NA,NA,NA,NA,NA,NA
54548,0,1,1,53952,5. no evidence for borrowing,unanalyzable,twg,25,White Hmong,452695,1147,which?,61054,Function word,17,Cognition,NA,NA,NA,NA,NA,NA,NA
54608,0,0.9,0.5,54012,5. no evidence for borrowing,analyzable phrasal,ua li cas,25,White Hmong,450325,1141,how?,61048,Function word,17,Cognition,NA,NA,NA,NA,NA,NA,NA
54630,0,0.5,0.5,54033,5. no evidence for borrowing,analyzable phrasal,vim li cas,25,White Hmong,453485,1149,why?,61056,Function word,17,Cognition,NA,NA,NA,NA,NA,NA,NA
54788,0,0.8,1,54189,5. no evidence for borrowing,unanalyzable,at’e,40,Wichí,452710,1147,which?,62452,Function word,17,Cognition,NA,NA,NA,NA,NA,NA,NA
54789,0,0.8,1,54190,5. no evidence for borrowing,unanalyzable,at’ep,40,Wichí,451525,1144,what?,62448,Function word,17,Cognition,NA,NA,NA,NA,NA,NA,NA
54795,0,0.8,1,54195,5. no evidence for borrowing,unanalyzable,ats’iyej,40,Wichí,453500,1149,why?,62454,Function word,17,Cognition,NA,NA,NA,NA,NA,NA,NA
54835,0,0.8,0.5,54235,5. no evidence for borrowing,analyzable derived,e’hotehlak,40,Wichí,451920,1145,when?,62450,Function word,17,Cognition,NA,NA,NA,NA,NA,NA,NA
54836,0,0.8,0.5,54236,5. no evidence for borrowing,analyzable derived,e’ihi,40,Wichí,452315,1146,where?,62451,Function word,17,Cognition,NA,NA,NA,NA,NA,NA,NA
54837,0,0.8,0.5,54237,5. no evidence for borrowing,analyzable derived,e’ihinaji,40,Wichí,451920,1145,when?,62449,Function word,17,Cognition,NA,NA,NA,NA,NA,NA,NA
54838,0,0.8,0.5,54238,5. no evidence for borrowing,analyzable derived,e’wuye,40,Wichí,450340,1141,how?,62445,Function word,17,Cognition,NA,NA,NA,NA,NA,NA,NA
54839,0,0.8,0.5,54239,5. no evidence for borrowing,analyzable derived,ehote,40,Wichí,450735,1142,how many?,62446,Function word,17,Cognition,NA,NA,NA,NA,NA,NA,NA
56309,0,1,1,55691,5. no evidence for borrowing,unanalyzable,jabesa,32,Yaqui,453097,1148,who?,64015,Function word,17,Cognition,yaq,yaqu1251,Uto-Aztecan,Cahita,Cahita%Southern Uto-Aztecan%Uto-Aztecan,Southern Uto-Aztecan,Yaqui
56313,0,1,1,55695,5. no evidence for borrowing,unanalyzable,jachinia,32,Yaqui,450332,1141,how?,64008,Function word,17,Cognition,yaq,yaqu1251,Uto-Aztecan,Cahita,Cahita%Southern Uto-Aztecan%Uto-Aztecan,Southern Uto-Aztecan,Yaqui
56314,0,1,1,55696,5. no evidence for borrowing,unanalyzable,jaiki,32,Yaqui,451122,1143,how much?,64010,Function word,17,Cognition,yaq,yaqu1251,Uto-Aztecan,Cahita,Cahita%Southern Uto-Aztecan%Uto-Aztecan,Southern Uto-Aztecan,Yaqui
56315,0,1,0.5,55697,5. no evidence for borrowing,analyzable derived,jaikim,32,Yaqui,450727,1142,how many?,64009,Function word,17,Cognition,yaq,yaqu1251,Uto-Aztecan,Cahita,Cahita%Southern Uto-Aztecan%Uto-Aztecan,Southern Uto-Aztecan,Yaqui
56316,0,0.9,0.5,55698,5. no evidence for borrowing,analyzable derived,jaisakai,32,Yaqui,453492,1149,why?,64016,Function word,17,Cognition,yaq,yaqu1251,Uto-Aztecan,Cahita,Cahita%Southern Uto-Aztecan%Uto-Aztecan,Southern Uto-Aztecan,Yaqui
56323,0,1,1,55705,5. no evidence for borrowing,unanalyzable,jakko,32,Yaqui,451912,1145,when?,64012,Function word,17,Cognition,yaq,yaqu1251,Uto-Aztecan,Cahita,Cahita%Southern Uto-Aztecan%Uto-Aztecan,Southern Uto-Aztecan,Yaqui
56325,0,1,1,55707,5. no evidence for borrowing,unanalyzable,jaksa,32,Yaqui,452307,1146,where?,64013,Function word,17,Cognition,yaq,yaqu1251,Uto-Aztecan,Cahita,Cahita%Southern Uto-Aztecan%Uto-Aztecan,Southern Uto-Aztecan,Yaqui
57566,0,1,1,56936,5. no evidence for borrowing,unanalyzable,bu,33,Zinacantán Tzotzil,452308,1146,where?,58093,Function word,17,Cognition,NA,NA,NA,NA,NA,NA,NA
57567,0,1,0.5,56937,5. no evidence for borrowing,analyzable phrasal,bu hunukal,33,Zinacantán Tzotzil,452703,1147,which?,58094,Function word,17,Cognition,NA,NA,NA,NA,NA,NA,NA
57568,0,1,1,56938,5. no evidence for borrowing,unanalyzable,buch’u,33,Zinacantán Tzotzil,453098,1148,who?,58095,Function word,17,Cognition,NA,NA,NA,NA,NA,NA,NA
57701,0,1,1,57070,5. no evidence for borrowing,unanalyzable,hay ______________,33,Zinacantán Tzotzil,450728,1142,how many?,58088,Function word,17,Cognition,NA,NA,NA,NA,NA,NA,NA
57802,0,1,1,57172,5. no evidence for borrowing,unanalyzable,k’u,33,Zinacantán Tzotzil,451518,1144,what?,58091,Function word,17,Cognition,NA,NA,NA,NA,NA,NA,NA
57803,0,1,0.5,57173,5. no evidence for borrowing,analyzable phrasal,k’u 7epal,33,Zinacantán Tzotzil,450728,1142,how many?,58089,Function word,17,Cognition,NA,NA,NA,NA,NA,NA,NA
57804,0,1,0.5,57174,5. no evidence for borrowing,analyzable phrasal,k’u 7ora,33,Zinacantán Tzotzil,451913,1145,when?,58092,Function word,17,Cognition,NA,NA,NA,NA,NA,NA,NA
57805,0,1,0.5,57175,5. no evidence for borrowing,analyzable phrasal,k’u cha7al,33,Zinacantán Tzotzil,450333,1141,how?,58087,Function word,17,Cognition,NA,NA,NA,NA,NA,NA,NA
